mesh23d,elevation
0000,450.8
0001,470.3
0002,413.9
0003,457.1
0004,385
0005,345.2
0006,352.4
0007,355
0008,261.2
0009,207.2
0010,332.4
0011,316.3
0012,321.2
0013,386.2
0014,505
0015,381.7
0016,461.1
0017,462.9
0018,274.9
0019,239.3
0020,307.9
0021,268.1
0022,360.4
0023,342.5
0024,429.4
0025,383.6
0026,469.7
0027,481.6
0028,334.7
0029,270
0030,263.1
0031,262
0032,343.6
0033,370.4
0034,464.3
0035,424.1
0036,519.9
0037,596.1
0038,468.5
0039,388
0040,211.4
0041,292.8
0042,352.2
0043,406.4
0044,476
0045,494.6
0046,482.3
0047,619
0048,535
0049,352
0050,213
0051,279.5
0052,298.3
0053,407.6
0054,481
0055,569.8
0056,605.6
0057,715.4
0058,575.7
0059,392.5
0060,305.8
0061,386.5
0062,323.7
0063,350.7
0064,467.1
0065,546.6
0066,603.4
0067,689.6
0068,593.6
0069,427
0070,287.1
0071,291.1
0072,332.8
0073,374.9
0074,434.2
0075,523.9
0076,475.6
0077,492.1
0078,477.4
0079,424.2
0080,265.8
0081,280.5
0082,345.5
0083,344.2
0084,475.9
0085,671.6
0086,489.8
0087,495.7
0088,358.6
0089,312.5
0090,273.7
0091,256.6
0092,291.9
0093,364.5
0094,579.2
0095,557.4
0096,623.3
0097,620.1
0098,451
0099,345
0100,155.2
0101,154.1
0102,157.7
0103,168.1
0104,225.5
0105,239.6
0106,242.4
0107,243.5
0108,294.2
0109,361.7
0110,242.1
0111,160.4
0112,157.5
0113,172.2
0114,194.7
0115,243.1
0116,229.2
0117,271.6
0118,354.6
0119,416
0120,279.6
0121,182.5
0122,159.6
0123,186.7
0124,261.6
0125,353.7
0126,385.3
0127,312.1
0128,421.9
0129,362.6
0130,224.3
0131,161.2
0132,164.8
0133,188.2
0134,266.3
0135,349.7
0136,458.1
0137,406
0138,364.5
0139,373.3
0140,199.2
0141,164.9
0142,173.1
0143,217.2
0144,330
0145,404.4
0146,494.4
0147,385
0148,289.3
0149,321.9
0150,234.4
0151,169.3
0152,215.4
0153,312.8
0154,445.1
0155,428.3
0156,414.5
0157,334.4
0158,280.6
0159,289.1
0160,248.7
0161,194
0162,386
0163,445.3
0164,472.8
0165,404.9
0166,339.9
0167,336.5
0168,276.4
0169,276.7
0170,240.4
0171,183.4
0172,310
0173,532.6
0174,597.9
0175,531.1
0176,326.1
0177,357.6
0178,282.7
0179,242.2
0180,226.5
0181,196.3
0182,307.3
0183,490.9
0184,665.9
0185,593.5
0186,361.1
0187,276.2
0188,262
0189,245.7
0190,313.2
0191,209.1
0192,225.9
0193,388.6
0194,600.3
0195,425.7
0196,370
0197,265.8
0198,236.4
0199,277.8
0200,287.5
0201,217.8
0202,202.7
0203,176
0204,233.3
0205,369.4
0206,408.2
0207,298.8
0208,220
0209,170.8
0210,289.5
0211,233.4
0212,191.8
0213,167.6
0214,270.9
0215,362.5
0216,319.9
0217,255.7
0218,185.1
0219,151.7
0220,261
0221,206.8
0222,203.6
0223,181.7
0224,201.5
0225,278
0226,246.7
0227,188.1
0228,164
0229,141
0230,381.6
0231,268.1
0232,277.4
0233,234.4
0234,184.8
0235,174.1
0236,163.2
0237,161
0238,142.4
0239,134.5
0240,390
0241,386.5
0242,333.5
0243,275.8
0244,214.5
0245,188.7
0246,193.8
0247,177.2
0248,145.9
0249,136.1
0250,323.8
0251,340.8
0252,355.7
0253,317.5
0254,259.7
0255,204.1
0256,170.3
0257,175.3
0258,143.5
0259,136
0260,259.2
0261,293.3
0262,338.8
0263,287.8
0264,280.8
0265,227.5
0266,185.7
0267,149.5
0268,135.6
0269,134.2
0270,270.8
0271,333.7
0272,322.2
0273,252
0274,252.9
0275,197.8
0276,177.8
0277,149.3
0278,133.5
0279,131.3
0280,338.5
0281,388.1
0282,332.5
0283,234.8
0284,227
0285,182.1
0286,149.4
0287,139.3
0288,130.9
0289,129.9
0290,373.3
0291,372.4
0292,273.5
0293,216.6
0294,195.5
0295,153.3
0296,137.1
0297,131.8
0298,133.1
0299,130.7
0300,146.1
0301,140.2
0302,143.2
0303,157
0304,160.8
0305,192.4
0306,332.6
0307,527.8
0308,530.9
0309,576.6
0310,140
0311,139.4
0312,144.8
0313,163.3
0314,164
0315,207.6
0316,317.2
0317,435.9
0318,453.4
0319,542
0320,135.7
0321,136.2
0322,135.4
0323,144.1
0324,186.5
0325,296.3
0326,348.5
0327,396.7
0328,427.1
0329,510.2
0330,132.4
0331,135.8
0332,133
0333,157.4
0334,239.2
0335,377.9
0336,350.8
0337,365.7
0338,412.6
0339,452.3
0340,131.9
0341,142.3
0342,137.8
0343,239.5
0344,335.8
0345,389.7
0346,391.8
0347,326.8
0348,406.9
0349,353.9
0350,132.4
0351,137.4
0352,152.9
0353,282.4
0354,322.8
0355,329.5
0356,320.6
0357,272.7
0358,334.7
0359,346.2
0360,132.5
0361,133.1
0362,182
0363,263.9
0364,281.2
0365,268
0366,261.3
0367,287.2
0368,287.3
0369,315.4
0370,131.1
0371,134.4
0372,168.2
0373,181.3
0374,240.8
0375,244.3
0376,229.4
0377,265.2
0378,283.9
0379,261.1
0380,131
0381,136.5
0382,141.8
0383,166.4
0384,280.2
0385,242.8
0386,202.9
0387,231
0388,252.5
0389,298.2
0390,129.5
0391,138.1
0392,173.2
0393,162.6
0394,240.8
0395,225
0396,229.6
0397,272.8
0398,218.3
0399,270
0400,637.5
0401,716.8
0402,716.7
0403,703.1
0404,612.2
0405,529.5
0406,492.8
0407,453
0408,482
0409,547
0410,596.2
0411,661
0412,668.6
0413,675.9
0414,623.6
0415,616.2
0416,659.8
0417,633
0418,585.7
0419,471.2
0420,578.8
0421,602.3
0422,622.8
0423,600.9
0424,550.9
0425,545
0426,601.5
0427,615.4
0428,566.4
0429,489.7
0430,537.7
0431,509.4
0432,526.2
0433,593
0434,595
0435,573.7
0436,484.9
0437,437.1
0438,538.1
0439,480
0440,451.7
0441,444.7
0442,573.8
0443,728.6
0444,750.8
0445,735.2
0446,631
0447,490.9
0448,392
0449,450.1
0450,353.3
0451,402.7
0452,574.5
0453,695.2
0454,668.1
0455,750.3
0456,665.3
0457,534
0458,406.7
0459,355.5
0460,306.5
0461,407.4
0462,546.6
0463,544
0464,524
0465,628.4
0466,659.2
0467,488.4
0468,380.8
0469,383.7
0470,313.1
0471,353.7
0472,436
0473,459.3
0474,458
0475,492.7
0476,634.2
0477,506.3
0478,357.9
0479,385.9
0480,276.7
0481,305.2
0482,322.6
0483,335.5
0484,369.1
0485,405.1
0486,458.5
0487,391.9
0488,313.6
0489,361.7
0490,264
0491,291.7
0492,263.5
0493,288.9
0494,333.3
0495,356.2
0496,437.1
0497,370.6
0498,300.5
0499,314.1
0500,465.2
0501,389.7
0502,389.5
0503,438.7
0504,525.3
0505,564.8
0506,626
0507,555.2
0508,514.8
0509,686.9
0510,404.5
0511,445.2
0512,477.7
0513,447.8
0514,555.3
0515,611.6
0516,545.5
0517,457.3
0518,572
0519,682.4
0520,426.7
0521,386.3
0522,436.3
0523,441.7
0524,514.6
0525,598.4
0526,493.8
0527,454.1
0528,562.7
0529,670.4
0530,387.4
0531,350.7
0532,351.4
0533,390.8
0534,497.7
0535,555.5
0536,439.8
0537,562.4
0538,592.5
0539,645.4
0540,356.4
0541,354.5
0542,329.1
0543,371
0544,402.8
0545,417.5
0546,399.3
0547,547.4
0548,679.8
0549,731.4
0550,356.9
0551,323.3
0552,311.3
0553,320.6
0554,346
0555,388.4
0556,385.5
0557,435.9
0558,566.3
0559,640.6
0560,320.9
0561,294.6
0562,283.1
0563,332.3
0564,366.5
0565,454.5
0566,412
0567,374.9
0568,460.3
0569,543.1
0570,313.4
0571,310.2
0572,315
0573,355.2
0574,388.7
0575,501.2
0576,544.4
0577,446.7
0578,364.4
0579,451.5
0580,329.8
0581,269.9
0582,294.2
0583,351.4
0584,379.6
0585,481.9
0586,611
0587,574.6
0588,385.9
0589,357.1
0590,280.7
0591,257.4
0592,312.4
0593,353.7
0594,432.7
0595,484.2
0596,547.4
0597,544.5
0598,382
0599,341.1
0600,886.1
0601,987.2
0602,1021.8
0603,1045.3
0604,951.8
0605,853.2
0606,907.6
0607,1022.5
0608,957.9
0609,931.1
0610,797.2
0611,986.3
0612,967.1
0613,928
0614,901
0615,932.3
0616,866
0617,961.7
0618,1124.9
0619,1060.1
0620,745.8
0621,851.2
0622,799.2
0623,854.8
0624,788.2
0625,906.4
0626,870.6
0627,843.7
0628,1012.8
0629,1118.6
0630,718.8
0631,729.4
0632,711.6
0633,804.8
0634,752.5
0635,864.4
0636,774.2
0637,906.5
0638,963.1
0639,1030.2
0640,669.9
0641,628.4
0642,679.9
0643,680.9
0644,701.2
0645,862.1
0646,769.5
0647,951.6
0648,1015.8
0649,1091.2
0650,685.1
0651,525
0652,600.6
0653,604.8
0654,668.1
0655,737.9
0656,758.4
0657,894
0658,979.2
0659,1170
0660,627.6
0661,501.3
0662,511.4
0663,588
0664,602.7
0665,604.1
0666,685.6
0667,767.8
0668,934.3
0669,1049.9
0670,483.8
0671,476.1
0672,488.3
0673,524.1
0674,545.9
0675,661.1
0676,760.5
0677,802
0678,859.8
0679,1015.5
0680,373.3
0681,422.5
0682,491.7
0683,484.2
0684,511.9
0685,557.4
0686,649.8
0687,771.7
0688,925.1
0689,912
0690,432.4
0691,457.5
0692,462.1
0693,468.3
0694,477.2
0695,578.6
0696,598.3
0697,638.3
0698,717.3
0699,856.9
0700,1048.6
0701,1200.8
0702,1168.5
0703,872.2
0704,662.3
0705,646.1
0706,780.5
0707,626.7
0708,574.9
0709,502.3
0710,1064.4
0711,1150.8
0712,1028.5
0713,810.7
0714,635
0715,563.6
0716,655
0717,678.5
0718,466
0719,582.4
0720,1215.9
0721,1122.1
0722,887.2
0723,718.8
0724,609.3
0725,604.3
0726,515.7
0727,511.4
0728,512.8
0729,414.8
0730,1021.7
0731,968
0732,800
0733,719.5
0734,608.4
0735,671.6
0736,758.1
0737,626.1
0738,456.9
0739,394.1
0740,1051.5
0741,1081.8
0742,1185.7
0743,1080
0744,770.1
0745,711.8
0746,721.2
0747,590.2
0748,428.8
0749,363.9
0750,1196.3
0751,1048.3
0752,1070.8
0753,1162
0754,946.3
0755,754.9
0756,530.6
0757,471.4
0758,360.4
0759,405.3
0760,1164.3
0761,1093.6
0762,947.6
0763,1101.2
0764,951.3
0765,825.5
0766,663.9
0767,498
0768,396.3
0769,599.5
0770,1041.2
0771,882.9
0772,947
0773,940.7
0774,826.5
0775,623
0776,553.7
0777,575.1
0778,380.2
0779,636.3
0780,873.2
0781,785.8
0782,924.3
0783,962.5
0784,812.9
0785,638
0786,553.7
0787,448.2
0788,361.8
0789,452.7
0790,822
0791,724.5
0792,695.2
0793,819.3
0794,879
0795,697
0796,529.8
0797,502
0798,334.9
0799,324.7
1000,243.1
1001,253.7
1002,312.9
1003,397.6
1004,629.5
1005,579.4
1006,822.8
1007,779.6
1008,560.6
1009,465
1010,245.1
1011,245.4
1012,303.8
1013,480.5
1014,685.6
1015,626.5
1016,871.7
1017,712
1018,521.3
1019,529.4
1020,183.7
1021,236.3
1022,303.4
1023,537.1
1024,717.2
1025,685.5
1026,760.5
1027,670.4
1028,407.1
1029,444.4
1030,217.8
1031,254.1
1032,306.8
1033,526
1034,650.8
1035,820.3
1036,778.4
1037,594.5
1038,410.5
1039,316.4
1040,267.4
1041,263.1
1042,293.1
1043,463.2
1044,542.6
1045,793.8
1046,697.5
1047,513.7
1048,343
1049,275.8
1050,271.8
1051,318.9
1052,325.8
1053,436.9
1054,521
1055,691.6
1056,641.4
1057,404.8
1058,321.1
1059,266.4
1060,244.8
1061,281
1062,305.4
1063,424.5
1064,574.1
1065,765.3
1066,579.4
1067,401.6
1068,320.9
1069,287.4
1070,307.8
1071,325.9
1072,346.2
1073,425.7
1074,599.5
1075,776.2
1076,663.7
1077,421.5
1078,331.3
1079,310.2
1080,249.4
1081,291.6
1082,295.9
1083,394.7
1084,555.9
1085,849.2
1086,659.4
1087,476.1
1088,384.4
1089,326.3
1090,274.6
1091,294.6
1092,317.3
1093,416.5
1094,598.5
1095,813.5
1096,749.2
1097,503.2
1098,381.9
1099,304.6
1100,373.2
1101,234.3
1102,193.8
1103,380.2
1104,602.1
1105,450.5
1106,282.8
1107,268.6
1108,240.1
1109,259.1
1110,364.1
1111,232.8
1112,240.4
1113,467.6
1114,555.1
1115,376.3
1116,310.6
1117,272.7
1118,252.7
1119,241.6
1120,285.1
1121,245.7
1122,351.5
1123,440.6
1124,384.5
1125,383.1
1126,463.7
1127,311.5
1128,199.6
1129,207.2
1130,240.6
1131,231.8
1132,280.9
1133,280.3
1134,303.8
1135,445.1
1136,458.4
1137,287.8
1138,206.9
1139,182.3
1140,235.4
1141,201.5
1142,198.1
1143,216.7
1144,270.7
1145,394.4
1146,466.7
1147,276.1
1148,219
1149,182.1
1150,234.7
1151,216.7
1152,203.6
1153,213.4
1154,311.3
1155,464.4
1156,427.1
1157,268.4
1158,219.4
1159,193.8
1160,250.5
1161,228
1162,208.8
1163,235.3
1164,398.2
1165,501.4
1166,357.3
1167,248.1
1168,204.5
1169,179.3
1170,263.4
1171,227.7
1172,207.5
1173,261.2
1174,465.8
1175,472
1176,309.4
1177,244
1178,217.5
1179,192.5
1180,272.1
1181,229.9
1182,207.4
1183,274.2
1184,479.1
1185,392.6
1186,286.6
1187,255.9
1188,204.1
1189,183.1
1190,270.2
1191,231
1192,214.7
1193,335.9
1194,413.3
1195,350.6
1196,297.2
1197,257.9
1198,195.7
1199,163.4
1200,351.4
1201,351.2
1202,278.3
1203,194
1204,157.3
1205,141.2
1206,135.8
1207,134.7
1208,136.9
1209,132
1210,318.2
1211,286.3
1212,286.6
1213,207.8
1214,162.5
1215,140.6
1216,136.1
1217,138.6
1218,136.3
1219,131.7
1220,271.3
1221,266.6
1222,279.3
1223,194.1
1224,150.6
1225,142.1
1226,143.3
1227,139.1
1228,136.9
1229,132.1
1230,245.8
1231,229.5
1232,253.7
1233,185.4
1234,149.4
1235,148.5
1236,140.3
1237,134.1
1238,135.3
1239,131.3
1240,189.6
1241,285.4
1242,267.9
1243,197.1
1244,150
1245,150.3
1246,140.3
1247,134.9
1248,131.7
1249,130.3
1250,181.7
1251,266.9
1252,278.1
1253,209.2
1254,149.9
1255,147.6
1256,137.4
1257,135.8
1258,133.1
1259,131.3
1260,159
1261,229.7
1262,287.2
1263,211.7
1264,155.8
1265,142.1
1266,132.6
1267,131.7
1268,130.4
1269,128.9
1270,161.7
1271,169.6
1272,292.4
1273,244
1274,158.7
1275,136.7
1276,132.3
1277,131.2
1278,133.7
1279,128.6
1280,169.3
1281,162
1282,277.1
1283,250
1284,166.9
1285,133
1286,142.8
1287,149.7
1288,168.2
1289,140.1
1290,156.3
1291,159.1
1292,289.1
1293,272.5
1294,179.6
1295,139.4
1296,174.4
1297,186.5
1298,182.2
1299,157.6
1300,129.1
1301,147.5
1302,192.8
1303,162.7
1304,210.3
1305,188.8
1306,209.5
1307,262.9
1308,207.9
1309,231.6
1310,127.5
1311,166.4
1312,214.1
1313,191.7
1314,178
1315,231.3
1316,259.2
1317,215.1
1318,191.7
1319,223.4
1320,127.6
1321,154.8
1322,199.1
1323,186.9
1324,211.8
1325,234.4
1326,264.9
1327,223.2
1328,183.2
1329,213.5
1330,126.6
1331,165.7
1332,222.1
1333,224
1334,238.9
1335,244.3
1336,258.1
1337,197.7
1338,172.7
1339,183.3
1340,126.6
1341,186.7
1342,251.7
1343,227.6
1344,239.7
1345,249.9
1346,230.4
1347,172.2
1348,167.9
1349,176.5
1350,127.1
1351,163.3
1352,246.4
1353,211.3
1354,222.9
1355,226.7
1356,201.1
1357,166.1
1358,163.6
1359,168.6
1360,127.8
1361,138.3
1362,196
1363,196.8
1364,206.6
1365,194.2
1366,158.8
1367,160.1
1368,164.8
1369,181.9
1370,127.1
1371,125.1
1372,160.9
1373,185.4
1374,192.8
1375,158.7
1376,155.2
1377,160.5
1378,187.5
1379,319
1380,127.7
1381,126.6
1382,158.5
1383,189.4
1384,164.3
1385,150.2
1386,153.7
1387,165
1388,226
1389,365.2
1390,128.8
1391,127.8
1392,158.2
1393,162
1394,145
1395,147.9
1396,152.1
1397,188.9
1398,242.3
1399,341.9
1400,235.4
1401,249.2
1402,245.5
1403,297.2
1404,295.8
1405,361.8
1406,458.3
1407,332.4
1408,286.3
1409,243.7
1410,217
1411,235.2
1412,239.5
1413,299.6
1414,276.3
1415,396.2
1416,515.3
1417,371.2
1418,235
1419,258.2
1420,206.1
1421,220.1
1422,225.4
1423,282.2
1424,250.7
1425,330.7
1426,345.7
1427,275.2
1428,239.4
1429,316.8
1430,191
1431,205.3
1432,233.7
1433,251.8
1434,205.2
1435,196.2
1436,208.1
1437,206.5
1438,219.3
1439,227.4
1440,184.7
1441,197.7
1442,205.4
1443,185.9
1444,192.8
1445,205.7
1446,232
1447,267.4
1448,239.5
1449,226.1
1450,173.7
1451,182.5
1452,188.1
1453,222
1454,229.1
1455,271.5
1456,260.7
1457,316.5
1458,318.9
1459,293.6
1460,249.8
1461,293.6
1462,244.8
1463,334.8
1464,309.1
1465,305.7
1466,301.8
1467,294.7
1468,374.6
1469,315.8
1470,405.4
1471,386.6
1472,262.3
1473,372.3
1474,366.7
1475,284.9
1476,302.9
1477,296.9
1478,382.1
1479,381.7
1480,474.5
1481,390.3
1482,277.5
1483,316.6
1484,343.2
1485,337.9
1486,339.5
1487,323.4
1488,402.3
1489,475.1
1490,403.4
1491,340.7
1492,317.1
1493,348.6
1494,415.6
1495,395.8
1496,411.5
1497,376.8
1498,432
1499,595.9
1500,267.5
1501,285.6
1502,337.5
1503,379.2
1504,449.9
1505,411.6
1506,512.2
1507,427
1508,322.7
1509,353.8
1510,310.7
1511,337.2
1512,387.4
1513,482.4
1514,457.2
1515,375.9
1516,552.8
1517,357.8
1518,326.6
1519,372.6
1520,326
1521,361.7
1522,355.1
1523,512.4
1524,416.3
1525,354.1
1526,443.3
1527,327.1
1528,434.6
1529,439.5
1530,252.3
1531,283
1532,308.5
1533,424.9
1534,393.5
1535,295.6
1536,329.3
1537,361.2
1538,584.6
1539,564.2
1540,232.4
1541,234.2
1542,246.2
1543,266.4
1544,290.1
1545,290.7
1546,352.2
1547,355.6
1548,555.7
1549,594.1
1550,328.9
1551,271.5
1552,273
1553,277.6
1554,292.8
1555,329.4
1556,439.5
1557,444.5
1558,440.1
1559,691
1560,390.7
1561,319.1
1562,367.3
1563,329.6
1564,359.1
1565,362.1
1566,571.5
1567,501.4
1568,431.6
1569,729.1
1570,434.3
1571,363.2
1572,412.4
1573,404.1
1574,335.4
1575,455.3
1576,618.5
1577,479.5
1578,415.8
1579,713.6
1580,530.6
1581,461.8
1582,459
1583,476
1584,348.4
1585,561
1586,742
1587,484.4
1588,429.4
1589,527.7
1590,708.7
1591,590.4
1592,507.8
1593,487.7
1594,376.6
1595,537.9
1596,678.2
1597,445.8
1598,437
1599,475
1600,387.8
1601,405.6
1602,435.2
1603,429.1
1604,488.7
1605,584
1606,670
1607,664.8
1608,733.1
1609,766.2
1610,444.1
1611,379.5
1612,407.1
1613,437.2
1614,473
1615,543.6
1616,649.5
1617,743.1
1618,805.9
1619,734.6
1620,419.6
1621,427.7
1622,545.7
1623,521.6
1624,486.7
1625,553.1
1626,603.4
1627,697.4
1628,770.8
1629,756.1
1630,462.2
1631,448.5
1632,440.1
1633,435.1
1634,458.8
1635,488.9
1636,571
1637,606.8
1638,701.8
1639,697.6
1640,583.3
1641,499.9
1642,589.6
1643,439.3
1644,504
1645,520.6
1646,602.1
1647,606.8
1648,661.5
1649,619.6
1650,658.8
1651,524.6
1652,560.1
1653,479.9
1654,477.6
1655,521.8
1656,559.8
1657,648.1
1658,564.2
1659,564.1
1660,804.1
1661,569.8
1662,584.4
1663,561.4
1664,584.6
1665,524.3
1666,592.5
1667,602.6
1668,628.6
1669,579.6
1670,708.3
1671,566.7
1672,600
1673,641.3
1674,591.1
1675,583.8
1676,620.2
1677,630.9
1678,583.5
1679,530.3
1680,550.1
1681,628.2
1682,607.1
1683,636.7
1684,546.7
1685,659.3
1686,677
1687,687.4
1688,683.7
1689,681.1
1690,513.1
1691,626
1692,687.5
1693,588.4
1694,498.3
1695,497.9
1696,608.1
1697,723.8
1698,695.8
1699,703.4
1700,781.2
1701,832.2
1702,684.8
1703,611.6
1704,681.6
1705,789.5
1706,550.9
1707,441.2
1708,421.5
1709,284.7
1710,646.4
1711,703.4
1712,789.4
1713,720.5
1714,541.1
1715,599.4
1716,504.2
1717,412.4
1718,373.8
1719,310.2
1720,681.2
1721,627.9
1722,611.3
1723,735.1
1724,729
1725,498.2
1726,409.2
1727,377.7
1728,347.4
1729,310.7
1730,740.4
1731,629.9
1732,564.4
1733,517.6
1734,648.9
1735,561.8
1736,443.3
1737,353.8
1738,329.8
1739,301
1740,614.4
1741,657
1742,653.7
1743,564.7
1744,462.1
1745,433.6
1746,454
1747,448.4
1748,366.8
1749,319.9
1750,519.6
1751,516.8
1752,630.6
1753,682.4
1754,596.2
1755,450.6
1756,371.7
1757,485.8
1758,463.4
1759,393.7
1760,463.6
1761,412.2
1762,499.6
1763,599.4
1764,504.1
1765,397.4
1766,398
1767,430.2
1768,456.1
1769,418.9
1770,553.8
1771,524
1772,394.6
1773,534.7
1774,519.3
1775,386.1
1776,337.5
1777,388.6
1778,494.1
1779,386.1
1780,736.6
1781,627.7
1782,469.5
1783,517
1784,434.8
1785,399.3
1786,316.8
1787,458.5
1788,517.3
1789,448.7
1790,770.9
1791,529.7
1792,525.9
1793,374.8
1794,360.7
1795,345.1
1796,277.2
1797,412
1798,502.2
1799,379
2000,257.4
2001,294.1
2002,327.8
2003,414.5
2004,572.2
2005,715.7
2006,773
2007,494.6
2008,366.7
2009,293.9
2010,242.2
2011,303.5
2012,323.7
2013,367.9
2014,451.9
2015,562.4
2016,724.9
2017,604.5
2018,403.8
2019,289.2
2020,222
2021,251.5
2022,272
2023,330.9
2024,414.5
2025,475.6
2026,637.6
2027,587.3
2028,399.7
2029,294.6
2030,238.4
2031,305.1
2032,312.3
2033,317.1
2034,364.4
2035,494.1
2036,584.3
2037,608.4
2038,449.1
2039,295.1
2040,267.1
2041,263.8
2042,294
2043,365.1
2044,389.4
2045,391.7
2046,469.9
2047,517
2048,402.4
2049,308.4
2050,351.3
2051,331.6
2052,317.2
2053,395.1
2054,391.3
2055,399.3
2056,380.9
2057,374.6
2058,327.5
2059,277.3
2060,327
2061,339.2
2062,351.2
2063,394.3
2064,406.7
2065,423.6
2066,371.9
2067,410.8
2068,414
2069,349.6
2070,300.2
2071,365.9
2072,414.4
2073,438.9
2074,433.4
2075,397.4
2076,444.1
2077,475.2
2078,526.1
2079,425.4
2080,279.8
2081,343.5
2082,398.7
2083,353.6
2084,426.7
2085,453.9
2086,449.2
2087,390.5
2088,460.9
2089,390.7
2090,278.2
2091,293.9
2092,305.7
2093,350.1
2094,403.2
2095,445.4
2096,457.7
2097,385
2098,374.9
2099,327.8
2100,249.2
2101,224.8
2102,225.6
2103,286.4
2104,303.8
2105,310.5
2106,265.7
2107,216.4
2108,183.9
2109,171.9
2110,230.4
2111,221
2112,245.5
2113,264.7
2114,291.7
2115,302.2
2116,308.1
2117,208.5
2118,189.8
2119,161.5
2120,222
2121,268.1
2122,280.4
2123,296.9
2124,295.9
2125,283
2126,238.3
2127,192
2128,171.4
2129,171.1
2130,223.1
2131,327.3
2132,289.8
2133,336.6
2134,291.6
2135,257.4
2136,208.4
2137,176
2138,165.4
2139,191.6
2140,243.8
2141,286.9
2142,295.3
2143,271
2144,265.6
2145,264.2
2146,222.3
2147,188.7
2148,181.9
2149,214.6
2150,243.6
2151,229.4
2152,223.6
2153,240.1
2154,250
2155,263.6
2156,233.7
2157,194.4
2158,195.2
2159,208.3
2160,291.5
2161,252.9
2162,223.8
2163,230.4
2164,245.4
2165,254.5
2166,235.1
2167,233.7
2168,221.5
2169,205.6
2170,316.1
2171,286.9
2172,247.9
2173,229.7
2174,228
2175,253.3
2176,240.1
2177,272.3
2178,281.9
2179,185.2
2180,344.4
2181,293.9
2182,234.5
2183,234.6
2184,277.4
2185,269.4
2186,261.4
2187,280.8
2188,265.1
2189,174.9
2190,294.9
2191,285.3
2192,237.5
2193,277.8
2194,365.5
2195,336.8
2196,281.4
2197,272.1
2198,219.4
2199,181
2200,151.4
2201,150.8
2202,198.2
2203,221.7
2204,173
2205,161.2
2206,195.8
2207,226.5
2208,180.1
2209,154.7
2210,166.1
2211,154.8
2212,143.3
2213,138.4
2214,166.8
2215,167.1
2216,202.2
2217,202.9
2218,169.2
2219,141.7
2220,159.7
2221,172.5
2222,156.8
2223,169.6
2224,168.2
2225,176.1
2226,195.1
2227,208.5
2228,182.5
2229,124
2230,182.1
2231,171.8
2232,182.4
2233,164
2234,192.2
2235,191.6
2236,207.2
2237,187.4
2238,149.9
2239,127.6
2240,190.4
2241,182.5
2242,185.4
2243,175.7
2244,204.8
2245,212
2246,205.7
2247,209
2248,130.4
2249,123.8
2250,162.7
2251,202.9
2252,190.1
2253,195
2254,224.5
2255,230.3
2256,227.7
2257,255.4
2258,129.6
2259,122
2260,175.9
2261,212.9
2262,199.4
2263,258.4
2264,241.7
2265,249.6
2266,267.8
2267,292
2268,138.4
2269,121.3
2270,195
2271,242.6
2272,267
2273,288.4
2274,268.5
2275,273.9
2276,322
2277,321.8
2278,144.7
2279,123
2280,220.9
2281,337.3
2282,345.5
2283,324.8
2284,302.5
2285,311.3
2286,376.8
2287,295.3
2288,134.3
2289,118.1
2290,199.3
2291,264.8
2292,345.5
2293,348.8
2294,339
2295,364.8
2296,407.8
2297,269.1
2298,127.9
2299,115.2
2300,126.9
2301,127.8
2302,151.6
2303,147.3
2304,143.2
2305,146.3
2306,152.6
2307,215.9
2308,286.5
2309,371.2
2310,125.8
2311,129.6
2312,146.8
2313,138.2
2314,141
2315,146.6
2316,157.1
2317,188.1
2318,267.1
2319,368.3
2320,128.3
2321,131.3
2322,139.4
2323,135.9
2324,140.7
2325,146.4
2326,155.1
2327,181.3
2328,258.1
2329,293.2
2330,127
2331,129.3
2332,132.9
2333,136.3
2334,143.8
2335,149.9
2336,157.7
2337,170.9
2338,216
2339,274.6
2340,124.3
2341,129.3
2342,132.2
2343,137.4
2344,143.9
2345,150.4
2346,167.3
2347,182.7
2348,194.8
2349,255.5
2350,124.9
2351,127.9
2352,131.3
2353,136.4
2354,142
2355,157.1
2356,185.1
2357,208.5
2358,226.4
2359,300
2360,123.8
2361,126.4
2362,131.6
2363,137.1
2364,145.7
2365,173.3
2366,188.2
2367,223.6
2368,270.6
2369,338.5
2370,123.3
2371,125.1
2372,130.4
2373,137.8
2374,155.9
2375,175.9
2376,178.3
2377,217.5
2378,242.4
2379,256.5
2380,119.4
2381,125.8
2382,130.3
2383,146.9
2384,175.8
2385,185.5
2386,159
2387,153.3
2388,208
2389,175.9
2390,115.4
2391,124.5
2392,133.7
2393,162.1
2394,165.1
2395,171.6
2396,159.3
2397,152.3
2398,175.8
2399,147.4
2400,394.7
2401,402
2402,408.9
2403,351.8
2404,439
2405,548.6
2406,581.6
2407,547.1
2408,556.1
2409,740.3
2410,395.5
2411,507.5
2412,594.3
2413,415.9
2414,519.9
2415,706.6
2416,667.5
2417,577.6
2418,578.3
2419,717.4
2420,419.7
2421,562.8
2422,580.5
2423,480.3
2424,562.5
2425,505.9
2426,638.8
2427,618.3
2428,500.2
2429,610.7
2430,385.6
2431,480.1
2432,468
2433,438.9
2434,457.2
2435,446.1
2436,507.6
2437,484.7
2438,433
2439,573
2440,368.7
2441,387.6
2442,370.8
2443,351
2444,362.4
2445,370.7
2446,348.3
2447,378.5
2448,454.1
2449,563.5
2450,394.5
2451,329.6
2452,310.3
2453,271
2454,306.2
2455,304.4
2456,361.5
2457,414.1
2458,465.5
2459,533.4
2460,313.3
2461,269.4
2462,240.5
2463,227.4
2464,253.3
2465,316
2466,294
2467,329
2468,365.2
2469,460.8
2470,227.5
2471,211.7
2472,198.8
2473,198.3
2474,219
2475,242.3
2476,282.6
2477,303
2478,294
2479,328.4
2480,163.3
2481,175.1
2482,177.9
2483,194.8
2484,216.9
2485,219.7
2486,231.1
2487,250.4
2488,291.6
2489,245.3
2490,159.2
2491,162.9
2492,169.7
2493,179.6
2494,188
2495,215.5
2496,270.3
2497,303.7
2498,308.1
2499,237.4
2500,734.8
2501,635.1
2502,576.6
2503,471.2
2504,392
2505,610.8
2506,601.2
2507,465.3
2508,456.6
2509,498.7
2510,702.4
2511,569.7
2512,507.1
2513,447.3
2514,421.6
2515,591.4
2516,575.5
2517,530.4
2518,479.9
2519,565.2
2520,709.7
2521,605.2
2522,471.9
2523,427.1
2524,516.2
2525,538
2526,521.8
2527,564.3
2528,513
2529,630.6
2530,698.8
2531,723.3
2532,612.7
2533,424.8
2534,576.5
2535,478.7
2536,504.1
2537,566.6
2538,542.7
2539,642.9
2540,698.9
2541,685.2
2542,546.8
2543,392.6
2544,463.8
2545,466.9
2546,486.4
2547,485.4
2548,506.2
2549,671
2550,556.8
2551,489.7
2552,392.9
2553,438
2554,504
2555,569
2556,463.7
2557,509.9
2558,523.1
2559,644.4
2560,407.3
2561,364.6
2562,402.7
2563,553
2564,458.6
2565,455.6
2566,478.8
2567,575
2568,580.9
2569,617.8
2570,325.2
2571,360.8
2572,431.6
2573,536.4
2574,553.1
2575,547.4
2576,525.4
2577,494.9
2578,496.2
2579,563.5
2580,285.4
2581,316.3
2582,364.5
2583,408
2584,419.3
2585,433.5
2586,416.4
2587,455.6
2588,519.4
2589,596
2590,234.3
2591,267.2
2592,282.9
2593,322.8
2594,325.5
2595,345.4
2596,398.3
2597,427.4
2598,449.6
2599,586.2
2600,568.5
2601,692.1
2602,738
2603,531.5
2604,460.5
2605,449.5
2606,543.5
2607,607.1
2608,552.8
2609,689.7
2610,686.8
2611,736
2612,626.5
2613,471.9
2614,415.9
2615,425.1
2616,467.8
2617,507.6
2618,607
2619,723.3
2620,597.8
2621,622.6
2622,569.7
2623,490.6
2624,404.5
2625,383.9
2626,444.3
2627,552
2628,735.5
2629,856.7
2630,575.7
2631,540.1
2632,504.9
2633,581.5
2634,405.7
2635,410.3
2636,482.7
2637,576.1
2638,670.9
2639,866.9
2640,608.1
2641,695.7
2642,613.2
2643,630.2
2644,397.7
2645,385.7
2646,492.5
2647,684.2
2648,793.4
2649,883.2
2650,658
2651,631.2
2652,506
2653,539.1
2654,386.3
2655,394.3
2656,541.8
2657,636.1
2658,790.1
2659,883.6
2660,521.8
2661,577
2662,491.7
2663,432.4
2664,366.8
2665,366.9
2666,485.5
2667,679
2668,882.4
2669,891.1
2670,519.1
2671,501.5
2672,474.4
2673,495.9
2674,368.6
2675,399.2
2676,519.1
2677,656.9
2678,678
2679,910.3
2680,481.7
2681,468.7
2682,433.7
2683,518.9
2684,377
2685,381.4
2686,596
2687,604.8
2688,741
2689,892.6
2690,636.1
2691,506.8
2692,395.1
2693,391.8
2694,316.4
2695,393.7
2696,616.3
2697,516.6
2698,705.5
2699,828.7
2700,759.2
2701,498.6
2702,623.7
2703,542.7
2704,368.2
2705,367.7
2706,294.5
2707,287.4
2708,447.1
2709,379.5
2710,808.3
2711,592.9
2712,706.7
2713,459.3
2714,477.8
2715,482
2716,396.1
2717,249.9
2718,339.5
2719,376.3
2720,727
2721,834.3
2722,712.3
2723,443
2724,508.2
2725,423.1
2726,361
2727,236.3
2728,382.1
2729,330
2730,671.7
2731,596.9
2732,530.8
2733,374
2734,333.8
2735,312.8
2736,312.8
2737,225.9
2738,265.9
2739,278.4
2740,799.1
2741,793.7
2742,645.5
2743,397.1
2744,454.9
2745,358.3
2746,266.4
2747,230.2
2748,196.3
2749,183.7
2750,619
2751,548
2752,471.8
2753,485.1
2754,419.4
2755,355.1
2756,331.9
2757,280.8
2758,241.7
2759,211.3
2760,782.8
2761,738.3
2762,565.1
2763,475.2
2764,413.2
2765,343.8
2766,321.9
2767,319.8
2768,276.1
2769,255.2
2770,906.8
2771,640.8
2772,570.3
2773,465.3
2774,344.7
2775,351
2776,290
2777,266
2778,288.8
2779,286.1
2780,779
2781,657.1
2782,420.3
2783,360
2784,390.4
2785,397.3
2786,303.2
2787,234.5
2788,302.1
2789,297.5
2790,585.1
2791,629.2
2792,437.9
2793,439.4
2794,410.1
2795,317.4
2796,266.4
2797,221.1
2798,275.8
2799,283.4
3000,333.9
3001,334.6
3002,414.4
3003,392
3004,427.2
3005,408.5
3006,495.9
3007,392.3
3008,344.9
3009,319.3
3010,341.4
3011,452.1
3012,530.7
3013,461.8
3014,418.7
3015,392.2
3016,489.3
3017,398.2
3018,348.2
3019,328
3020,310
3021,488.9
3022,469.1
3023,458.5
3024,383.5
3025,379.2
3026,446.8
3027,397.9
3028,336.5
3029,294.9
3030,281.4
3031,394
3032,440.3
3033,411.1
3034,390.3
3035,413.7
3036,363.7
3037,367.7
3038,389.9
3039,368.4
3040,283.7
3041,374.9
3042,424.7
3043,403.3
3044,436.1
3045,447.8
3046,411
3047,358.1
3048,339.6
3049,375.6
3050,286.8
3051,354.3
3052,337.3
3053,375.6
3054,482.8
3055,414
3056,424.7
3057,366.9
3058,344.8
3059,312.9
3060,308.9
3061,303.2
3062,382.9
3063,418.5
3064,465.9
3065,452.8
3066,442.9
3067,389.7
3068,366.2
3069,334.4
3070,314.4
3071,329.2
3072,354.6
3073,427.5
3074,486.1
3075,447.3
3076,430.4
3077,434.1
3078,384.3
3079,366.8
3080,376.6
3081,412.6
3082,513.7
3083,465.8
3084,524.7
3085,487.2
3086,465.9
3087,507.5
3088,522.5
3089,384.5
3090,416.1
3091,516.7
3092,525.2
3093,551
3094,584.8
3095,584.3
3096,510.5
3097,645.4
3098,555.7
3099,395.5
3100,284.7
3101,278.2
3102,239.5
3103,299.7
3104,351.1
3105,340
3106,288.9
3107,253.8
3108,221.3
3109,196
3110,304.2
3111,258.4
3112,271
3113,354.8
3114,351.2
3115,286.4
3116,281.2
3117,233.1
3118,200.2
3119,195.8
3120,252.1
3121,256.6
3122,278.6
3123,279.2
3124,332.7
3125,310.8
3126,254.2
3127,240.4
3128,232.3
3129,204.4
3130,329.9
3131,300.6
3132,279.8
3133,298.6
3134,335
3135,355.8
3136,294.9
3137,294.1
3138,245.8
3139,250.7
3140,352.8
3141,334.4
3142,296.1
3143,292
3144,374.5
3145,327.4
3146,289.3
3147,269.2
3148,315.8
3149,375.8
3150,314.3
3151,294.5
3152,284.7
3153,262.3
3154,291
3155,294.6
3156,284.9
3157,283
3158,343.5
3159,397.8
3160,359.2
3161,302.6
3162,296.6
3163,268.2
3164,285.8
3165,285.7
3166,280.3
3167,282.3
3168,297.6
3169,315.2
3170,339
3171,303.1
3172,278.4
3173,287.8
3174,290.5
3175,280.8
3176,280.6
3177,280.9
3178,280.4
3179,311.6
3180,342
3181,323.8
3182,306.2
3183,320.8
3184,296
3185,283.3
3186,280.2
3187,281.2
3188,280.2
3189,317.9
3190,359
3191,308.8
3192,291.1
3193,310.8
3194,292.3
3195,282.4
3196,280
3197,282.9
3198,284
3199,299.1
3200,184.7
3201,235.5
3202,338.5
3203,346.5
3204,359.8
3205,373.1
3206,341.9
3207,221.8
3208,122.5
3209,113.9
3210,183.7
3211,263.2
3212,308.5
3213,348.7
3214,369.3
3215,365
3216,338.3
3217,208.3
3218,112.3
3219,112.9
3220,204.8
3221,249.5
3222,318.9
3223,354.5
3224,362.2
3225,313
3226,286.9
3227,163.8
3228,110.4
3229,111.1
3230,290.7
3231,340.7
3232,340.5
3233,334.1
3234,331.7
3235,264
3236,213.2
3237,149.7
3238,115.5
3239,108.9
3240,373.2
3241,368
3242,343.4
3243,335.2
3244,265.9
3245,232.6
3246,191.7
3247,196.1
3248,131.8
3249,106.7
3250,348
3251,352.3
3252,335.1
3253,311.7
3254,241
3255,265.8
3256,211.1
3257,194.9
3258,132
3259,105.6
3260,316.7
3261,326.8
3262,362.1
3263,290.8
3264,330.7
3265,306.3
3266,222
3267,160.6
3268,140
3269,108.7
3270,316.6
3271,366.1
3272,371.7
3273,344.3
3274,341.5
3275,266.7
3276,201.9
3277,155.4
3278,148.3
3279,123.3
3280,338.4
3281,389.2
3282,373.7
3283,368.7
3284,348.8
3285,257.4
3286,227.6
3287,174.6
3288,148
3289,145.1
3290,345.1
3291,346.6
3292,334
3293,352.1
3294,378.3
3295,299
3296,288.9
3297,219.2
3298,166.5
3299,153.5
3300,113.3
3301,119.7
3302,144.3
3303,150.5
3304,162.1
3305,168.6
3306,146.7
3307,149.6
3308,136.2
3309,137.2
3310,112.8
3311,113.6
3312,138.9
3313,141.4
3314,158.7
3315,158.5
3316,133.3
3317,128.5
3318,131.8
3319,157.1
3320,111.1
3321,110.3
3322,123.8
3323,131.5
3324,152.2
3325,140.7
3326,123.2
3327,121.4
3328,155.8
3329,188.9
3330,109.1
3331,108.6
3332,109.8
3333,121.1
3334,135.3
3335,125.9
3336,115.5
3337,131.5
3338,161.7
3339,182.4
3340,107.2
3341,106.9
3342,107.2
3343,111.6
3344,120.4
3345,116.2
3346,111.9
3347,135.6
3348,147.5
3349,182.6
3350,105.3
3351,105.1
3352,105.3
3353,106.2
3354,110.8
3355,112.2
3356,108.2
3357,121.7
3358,155.5
3359,171.6
3360,102.8
3361,103.1
3362,102.8
3363,103.2
3364,104.5
3365,108.5
3366,106
3367,118.3
3368,143.6
3369,154.4
3370,104.5
3371,101.7
3372,101.1
3373,101.4
3374,102.5
3375,104.5
3376,104.5
3377,111.3
3378,163.8
3379,199.1
3380,153.9
3381,111.3
3382,98.9
3383,98.8
3384,100.5
3385,100.5
3386,102.6
3387,111.9
3388,152
3389,153.1
3390,146.9
3391,134.9
3392,96.8
3393,93.9
3394,96.3
3395,97.2
3396,99.5
3397,108.7
3398,115.7
3399,109.9
3400,148.9
3401,182.6
3402,209.6
3403,208.9
3404,220.3
3405,267.5
3406,291.8
3407,326
3408,283.9
3409,221.2
3410,176.5
3411,207.8
3412,217.3
3413,232.1
3414,236.1
3415,232.6
3416,265.4
3417,298.7
3418,282.1
3419,212.8
3420,206.8
3421,208.7
3422,195
3423,220.7
3424,204.3
3425,249.4
3426,283.3
3427,281.8
3428,248.4
3429,200
3430,194.8
3431,183
3432,175.4
3433,185
3434,234.8
3435,260.2
3436,270.4
3437,285
3438,218.7
3439,182.8
3440,165.3
3441,176.7
3442,201.3
3443,222.4
3444,227
3445,245.5
3446,269.7
3447,273.6
3448,196.9
3449,163.4
3450,182.4
3451,210.4
3452,190.1
3453,204.6
3454,198.3
3455,209.2
3456,248.2
3457,213.9
3458,172.8
3459,148.1
3460,188.5
3461,189.7
3462,166.6
3463,173.4
3464,163.2
3465,168.9
3466,189.9
3467,142.1
3468,140.6
3469,135.9
3470,178.3
3471,162.7
3472,158.1
3473,137.4
3474,132.3
3475,125.7
3476,124.1
3477,126.2
3478,133.3
3479,147.2
3480,144.6
3481,147.1
3482,134.1
3483,118.6
3484,141.5
3485,179.4
3486,142.6
3487,132.9
3488,153.6
3489,201
3490,118.5
3491,112.9
3492,119
3493,144.3
3494,214.2
3495,300.5
3496,207
3497,149.9
3498,191.6
3499,247.1
3500,204
3501,238
3502,250.6
3503,311.2
3504,366.3
3505,391.8
3506,478.6
3507,526.7
3508,520.1
3509,517.5
3510,191.4
3511,223.2
3512,232.9
3513,317.5
3514,367.9
3515,386.8
3516,480.9
3517,529.2
3518,680.6
3519,647.5
3520,177.5
3521,210.4
3522,203
3523,264.2
3524,340.1
3525,403.9
3526,433.6
3527,472.8
3528,561.2
3529,707.2
3530,163.8
3531,198.4
3532,186.7
3533,248
3534,279
3535,355.9
3536,372.2
3537,387.4
3538,432.6
3539,576.6
3540,157.8
3541,191.5
3542,176.8
3543,224.2
3544,298.5
3545,295
3546,279.6
3547,298
3548,379.6
3549,484.7
3550,146.8
3551,153
3552,153
3553,178.5
3554,204.2
3555,207.3
3556,222.9
3557,266.3
3558,347.8
3559,436.1
3560,137.3
3561,141.3
3562,158.1
3563,212.2
3564,203.7
3565,169.2
3566,213.4
3567,233.9
3568,296.5
3569,378.5
3570,142.6
3571,169.6
3572,188
3573,223.9
3574,283
3575,192.6
3576,183.1
3577,201.7
3578,228.6
3579,258.2
3580,159.1
3581,219.8
3582,235.4
3583,265.6
3584,331.4
3585,283.1
3586,221
3587,181.8
3588,190.3
3589,214.1
3590,173
3591,183
3592,187.3
3593,251.4
3594,336.8
3595,351.4
3596,267
3597,228.4
3598,207
3599,248.5
3600,680.9
3601,597
3602,543.3
3603,519.8
3604,307.6
3605,379.7
3606,462.7
3607,569.2
3608,791.6
3609,674
3610,675.6
3611,707
3612,613.3
3613,470.9
3614,287.8
3615,461.2
3616,541.7
3617,688.4
3618,712.8
3619,644
3620,697.6
3621,602.2
3622,465.2
3623,425
3624,290.7
3625,431.1
3626,652.9
3627,853.5
3628,574.1
3629,437.7
3630,685.3
3631,746.1
3632,527
3633,360
3634,297.9
3635,368.2
3636,571.5
3637,735.3
3638,536.6
3639,360.1
3640,541.8
3641,629.5
3642,444.3
3643,426.9
3644,284.5
3645,362
3646,451.8
3647,528.9
3648,488.1
3649,354.6
3650,536.5
3651,443.9
3652,371.9
3653,368.1
3654,270
3655,411.3
3656,468.2
3657,366.8
3658,370.7
3659,296.9
3660,470.8
3661,357.7
3662,344.5
3663,270.8
3664,316.2
3665,444.8
3666,464.5
3667,334.4
3668,296.1
3669,246
3670,290.6
3671,284.3
3672,286.1
3673,253.5
3674,323.1
3675,422.6
3676,422.6
3677,341.5
3678,304.9
3679,224.1
3680,222.5
3681,227.6
3682,269.5
3683,359
3684,329.3
3685,412
3686,392.7
3687,290.9
3688,244.5
3689,202.9
3690,264
3691,289
3692,295.1
3693,371.2
3694,376.5
3695,414.2
3696,392.2
3697,312.8
3698,256.6
3699,187.5
3700,625.9
3701,486.1
3702,499.2
3703,471.9
3704,339.7
3705,274.2
3706,238.3
3707,203.5
3708,250.7
3709,308.8
3710,446.3
3711,443.9
3712,466.4
3713,378.8
3714,306.6
3715,283.2
3716,246.7
3717,190
3718,215.4
3719,314.4
3720,425.5
3721,379.2
3722,403.3
3723,303.1
3724,253.8
3725,261.9
3726,233.6
3727,187.8
3728,210.4
3729,271
3730,356.3
3731,380.4
3732,342.7
3733,276.9
3734,243.9
3735,229.5
3736,227.9
3737,207.7
3738,209.2
3739,250
3740,301
3741,297.5
3742,269.2
3743,251.2
3744,232.7
3745,212.6
3746,233
3747,187.3
3748,188.6
3749,229
3750,287.4
3751,269.9
3752,228.3
3753,235.7
3754,210.3
3755,197.5
3756,239
3757,162
3758,220
3759,294.2
3760,288.5
3761,284.1
3762,207.8
3763,197.6
3764,225.4
3765,180.4
3766,233.4
3767,155.8
3768,241.4
3769,254.4
3770,222.6
3771,225.7
3772,231.1
3773,211.5
3774,202.1
3775,182.2
3776,231.1
3777,159.3
3778,226.4
3779,216.8
3780,245.9
3781,219.6
3782,233
3783,244.7
3784,180.5
3785,203.8
3786,228.9
3787,164
3788,196.1
3789,221.5
3790,219.6
3791,248.5
3792,207
3793,244.7
3794,165.2
3795,134.7
3796,175
3797,195.2
3798,149.9
3799,200.5
4000,452.1
4001,573.6
4002,658.3
4003,744.7
4004,668.2
4005,588.8
4006,656
4007,699.6
4008,517.6
4009,394.6
4010,490.9
4011,633.8
4012,812.1
4013,895.6
4014,827.9
4015,748.1
4016,669
4017,633.2
4018,468
4019,416.5
4020,529.7
4021,778.3
4022,912.7
4023,722.6
4024,755.1
4025,819.1
4026,698.5
4027,501.4
4028,434.4
4029,418
4030,593.6
4031,796.6
4032,889.6
4033,644.3
4034,601.3
4035,708.3
4036,582.5
4037,453.2
4038,405.3
4039,403
4040,624.1
4041,769.3
4042,826.8
4043,580.2
4044,523.3
4045,564.7
4046,476.4
4047,434.9
4048,395.9
4049,378.8
4050,629.5
4051,724.9
4052,771.6
4053,562.3
4054,503.3
4055,463.2
4056,426.6
4057,411.3
4058,389.2
4059,359.5
4060,615.6
4061,698.4
4062,637.6
4063,547.4
4064,596.6
4065,519.5
4066,446.7
4067,426.1
4068,397.8
4069,384.8
4070,585.5
4071,711.5
4072,580.7
4073,516.1
4074,537.4
4075,517.8
4076,432.4
4077,413.9
4078,389.5
4079,362.1
4080,579.5
4081,630.8
4082,537
4083,513.7
4084,480.7
4085,515.5
4086,433.2
4087,409
4088,376.2
4089,362.5
4090,546.2
4091,547.5
4092,475
4093,434.6
4094,456.5
4095,487.5
4096,438.3
4097,418
4098,417.3
4099,417
4100,361.3
4101,298.2
4102,328.6
4103,299.8
4104,286.5
4105,283.8
4106,280.5
4107,296.5
4108,294.9
4109,331.7
4110,376.6
4111,343.7
4112,346.7
4113,310.5
4114,295.1
4115,287.5
4116,280.1
4117,312.9
4118,339
4119,307.8
4120,390.9
4121,321
4122,339.6
4123,309.7
4124,310.2
4125,288
4126,286.6
4127,304.8
4128,367.2
4129,306.2
4130,379.4
4131,315.5
4132,346.7
4133,332.3
4134,313
4135,298
4136,283.8
4137,289.3
4138,323.4
4139,299.3
4140,345.7
4141,324.1
4142,352.1
4143,325.7
4144,298.9
4145,283.5
4146,288.6
4147,289.3
4148,321
4149,310.3
4150,343.6
4151,330.2
4152,380.6
4153,317.4
4154,294.8
4155,296.8
4156,314
4157,298.4
4158,361
4159,328.9
4160,365.4
4161,360
4162,407.5
4163,324.3
4164,296.4
4165,298.6
4166,325.1
4167,314.8
4168,364.1
4169,360.6
4170,353.7
4171,423.6
4172,433.1
4173,340.2
4174,304.9
4175,292.6
4176,309.3
4177,341.8
4178,386.1
4179,427
4180,426.3
4181,555.9
4182,471.9
4183,366.2
4184,319.8
4185,298.3
4186,310.7
4187,330.3
4188,401
4189,500.1
4190,494.7
4191,535
4192,452.4
4193,368.1
4194,328.2
4195,331.1
4196,326.8
4197,352.5
4198,365.7
4199,505.3
4200,343.3
4201,315.6
4202,327
4203,349.7
4204,418.1
4205,370.4
4206,400.6
4207,279.1
4208,176.2
4209,155.2
4210,306.7
4211,303.9
4212,344.2
4213,375.8
4214,446
4215,444
4216,428.6
4217,271.6
4218,185.2
4219,150.9
4220,304.3
4221,307.4
4222,357.7
4223,423.6
4224,485.4
4225,525.5
4226,422.7
4227,246.9
4228,188.4
4229,159.2
4230,288.3
4231,294.3
4232,337
4233,404.4
4234,480.3
4235,531.4
4236,405
4237,236.7
4238,185
4239,152
4240,294.3
4241,306.1
4242,369.7
4243,423.6
4244,487.8
4245,535.4
4246,378.8
4247,226.1
4248,179.5
4249,158.7
4250,320.4
4251,339.1
4252,425.2
4253,499.5
4254,484.5
4255,558.9
4256,403.9
4257,234.5
4258,184.9
4259,167.4
4260,364.2
4261,388
4262,403.8
4263,454.7
4264,503.2
4265,540.9
4266,385.3
4267,223.5
4268,175.4
4269,151.4
4270,424.7
4271,440.4
4272,499.6
4273,429.7
4274,500.8
4275,532.5
4276,367.7
4277,216.1
4278,162.2
4279,146
4280,496.1
4281,472.4
4282,401.3
4283,375.2
4284,498.2
4285,489.8
4286,352.9
4287,221.7
4288,170.1
4289,148.5
4290,478.9
4291,346.9
4292,288.6
4293,364.3
4294,494
4295,441.2
4296,288.8
4297,203.9
4298,172.5
4299,158.2
4300,132.2
4301,128.7
4302,109.5
4303,96.2
4304,92
4305,94.3
4306,98
4307,106.8
4308,117.3
4309,126.4
4310,164.9
4311,163.6
4312,146.2
4313,106.5
4314,96.5
4315,93.4
4316,96.5
4317,104
4318,117.5
4319,155.9
4320,155.3
4321,166
4322,151.4
4323,132.9
4324,97.5
4325,92.9
4326,95.7
4327,97.7
4328,113.5
4329,202.2
4330,144.8
4331,124.5
4332,135.6
4333,147.9
4334,105.2
4335,92.7
4336,95.2
4337,95.9
4338,139.1
4339,175
4340,146.7
4341,144.5
4342,128.6
4343,114.3
4344,105
4345,91.6
4346,91.3
4347,93.9
4348,124.6
4349,161.1
4350,168.8
4351,158.1
4352,157.8
4353,137
4354,105.2
4355,90.5
4356,90.2
4357,98.3
4358,143.3
4359,154.6
4360,136.4
4361,141.7
4362,149.9
4363,134.6
4364,130.8
4365,101
4366,90.3
4367,122.6
4368,145.6
4369,174.1
4370,143.6
4371,122.4
4372,146.6
4373,154.1
4374,154.4
4375,144.5
4376,136.7
4377,115.4
4378,159.6
4379,204
4380,128.5
4381,119.7
4382,125.2
4383,146.4
4384,166.2
4385,176.5
4386,192.8
4387,138.2
4388,175.9
4389,294.5
4390,150.5
4391,139
4392,108.7
4393,131.4
4394,143
4395,161.3
4396,170.7
4397,126.9
4398,273.1
4399,459
4400,143.1
4401,133
4402,158.3
4403,194.7
4404,249.8
4405,318.6
4406,251.9
4407,174.4
4408,229.5
4409,206.5
4410,220.4
4411,191.3
4412,190.1
4413,219.7
4414,272.5
4415,343.6
4416,323.3
4417,216.6
4418,231.4
4419,287
4420,215.4
4421,235.6
4422,245
4423,257.4
4424,321.1
4425,386.5
4426,390.7
4427,289.2
4428,245.3
4429,266.4
4430,224.9
4431,285.2
4432,287.2
4433,336.6
4434,410.5
4435,467.2
4436,455.8
4437,328.7
4438,306
4439,320
4440,248.8
4441,330.9
4442,385.4
4443,423.8
4444,464.9
4445,529.6
4446,422.2
4447,318.2
4448,399
4449,317.4
4450,207.1
4451,346.6
4452,465.4
4453,447.3
4454,568
4455,641.1
4456,477.8
4457,374.8
4458,387.2
4459,457.3
4460,230.3
4461,379.6
4462,469.6
4463,463.6
4464,618.5
4465,637.6
4466,459.3
4467,478.9
4468,415.2
4469,514.9
4470,223.1
4471,321.3
4472,435.5
4473,536
4474,683.7
4475,711.9
4476,586.8
4477,487.2
4478,445.6
4479,538.2
4480,304.2
4481,277.9
4482,349.2
4483,440.1
4484,627.9
4485,643.2
4486,498
4487,452.5
4488,528.7
4489,498.9
4490,538.7
4491,423
4492,362.7
4493,414.7
4494,594
4495,596.1
4496,577.9
4497,541.5
4498,560.1
4499,487.3
4500,271.2
4501,229.3
4502,166.7
4503,194.9
4504,260.4
4505,327.1
4506,319.4
4507,293.6
4508,257.3
4509,239.2
4510,410.1
4511,300.2
4512,219.5
4513,176.4
4514,187.9
4515,292.4
4516,388.3
4517,421.4
4518,413.1
4519,278
4520,395.1
4521,327.5
4522,256.2
4523,240.8
4524,194.5
4525,317.3
4526,442.9
4527,495.2
4528,490.7
4529,347
4530,286.9
4531,276.1
4532,229
4533,208.3
4534,186
4535,260.7
4536,437.8
4537,499.1
4538,382.2
4539,316.7
4540,309.2
4541,290.2
4542,263.3
4543,240.5
4544,211.2
4545,257.3
4546,311.6
4547,410.8
4548,428.6
4549,336.2
4550,376.8
4551,280.6
4552,314.7
4553,263.8
4554,224.9
4555,235.9
4556,276.2
4557,356.3
4558,492.5
4559,391.2
4560,390
4561,323.6
4562,388.4
4563,329.5
4564,240.4
4565,226.9
4566,244.7
4567,352
4568,427.7
4569,417.9
4570,391.1
4571,392.4
4572,401.2
4573,311.6
4574,268.3
4575,268.3
4576,261.2
4577,374
4578,434
4579,433
4580,502.8
4581,476.8
4582,362.1
4583,330.9
4584,325.3
4585,307.2
4586,301.6
4587,357.3
4588,429.8
4589,480.7
4590,602.9
4591,457.8
4592,371.4
4593,367
4594,317.1
4595,271.6
4596,355.9
4597,456.7
4598,440.7
4599,524.8
4600,265.9
4601,264.5
4602,298.2
4603,352.2
4604,380.5
4605,319.2
4606,332.7
4607,228.4
4608,191.8
4609,177
4610,281
4611,330.5
4612,263.2
4613,354.3
4614,507.9
4615,372.4
4616,251.8
4617,221.2
4618,235.8
4619,236.3
4620,276.3
4621,415.8
4622,357
4623,355
4624,471.5
4625,435.5
4626,297.3
4627,266.5
4628,272.7
4629,296.6
4630,378.6
4631,452.8
4632,315.7
4633,335
4634,394.4
4635,384.3
4636,353.9
4637,413.5
4638,353.1
4639,305.5
4640,384
4641,415
4642,346
4643,317.8
4644,338.4
4645,404.2
4646,386.4
4647,514.4
4648,454
4649,358.7
4650,377.9
4651,434.7
4652,387.9
4653,370.2
4654,377.2
4655,426.2
4656,411.5
4657,567.5
4658,586.8
4659,520.6
4660,418.1
4661,462
4662,407.9
4663,439.6
4664,497.7
4665,520.7
4666,504.7
4667,435.1
4668,576.5
4669,644.4
4670,404.6
4671,480.5
4672,429.1
4673,529
4674,555.3
4675,620.7
4676,664.4
4677,444.6
4678,474.1
4679,582.2
4680,434.6
4681,452
4682,466.1
4683,518.9
4684,607.7
4685,760.2
4686,700.9
4687,469.7
4688,488.7
4689,531
4690,479.2
4691,500.9
4692,500.1
4693,499.3
4694,621.8
4695,744.8
4696,633.9
4697,511.7
4698,567.2
4699,659.8
4700,165.9
4701,177.9
4702,150
4703,173.7
4704,191.6
4705,197
4706,121.5
4707,187
4708,147.2
4709,169.1
4710,202.8
4711,205.3
4712,207.3
4713,233.2
4714,268.1
4715,267.8
4716,193.5
4717,126.3
4718,178.1
4719,117.2
4720,231.7
4721,237.7
4722,265.7
4723,272
4724,294.9
4725,244.1
4726,177.2
4727,112.5
4728,188.9
4729,150.4
4730,274.8
4731,269.9
4732,260.1
4733,241.4
4734,204.7
4735,240
4736,227.5
4737,129.5
4738,216.4
4739,183.8
4740,316
4741,290.8
4742,258
4743,258.1
4744,269.6
4745,174.1
4746,162.9
4747,102.9
4748,222.3
4749,213.8
4750,382.4
4751,328.3
4752,323.9
4753,304.7
4754,271.4
4755,212.4
4756,229.3
4757,150.1
4758,103.5
4759,180.3
4760,440.3
4761,446.4
4762,432.2
4763,360.9
4764,296.5
4765,306
4766,254.1
4767,183.8
4768,165.6
4769,94.7
4770,633.5
4771,692.3
4772,658.7
4773,480.4
4774,316.3
4775,228.9
4776,250
4777,220.8
4778,149.3
4779,139.8
4780,660.2
4781,750.8
4782,618.5
4783,433.4
4784,291.1
4785,225.3
4786,194.1
4787,206.3
4788,202.6
4789,161.9
4790,690.2
4791,539.2
4792,433.8
4793,272.7
4794,217.5
4795,257.4
4796,294.5
4797,233.7
4798,163.5
4799,155.4
5000,571.5
5001,491.2
5002,424.5
5003,404.8
5004,428.4
5005,583.6
5006,570.1
5007,501.2
5008,483.5
5009,467.6
5010,579.7
5011,443.9
5012,392.8
5013,368.8
5014,430.6
5015,533.8
5016,666.2
5017,556.6
5018,620.3
5019,483.1
5020,513.6
5021,426
5022,340.1
5023,388.2
5024,443.9
5025,496.8
5026,587.9
5027,676.2
5028,749.2
5029,558.3
5030,405.1
5031,366.6
5032,337.7
5033,390.3
5034,413.3
5035,462.3
5036,566.8
5037,617.5
5038,739.2
5039,615.3
5040,309.3
5041,311
5042,328
5043,342.1
5044,398.3
5045,451.8
5046,573.3
5047,596.8
5048,699.3
5049,697.2
5050,331.1
5051,409.9
5052,432.6
5053,382.1
5054,448.8
5055,444.6
5056,520.5
5057,570.2
5058,687.4
5059,765.9
5060,347
5061,467.7
5062,501.3
5063,439.4
5064,468.4
5065,508.6
5066,493.1
5067,576.2
5068,710.5
5069,770.9
5070,345.4
5071,482.3
5072,440.4
5073,447.1
5074,383
5075,397.7
5076,455.1
5077,573.2
5078,769
5079,775
5080,308.9
5081,404.4
5082,350.3
5083,349.2
5084,349.1
5085,444.8
5086,496.1
5087,561.5
5088,763.9
5089,727
5090,246.9
5091,264
5092,270.2
5093,338.3
5094,403.9
5095,486.7
5096,516.2
5097,574.7
5098,738.7
5099,717.6
5100,558
5101,589.1
5102,464
5103,370.7
5104,337.8
5105,348.6
5106,378.4
5107,397.5
5108,365.7
5109,415.9
5110,514.2
5111,582
5112,520.4
5113,492.5
5114,424.2
5115,385.5
5116,403.9
5117,389.5
5118,429.3
5119,281.6
5120,493.1
5121,558.8
5122,534.3
5123,528
5124,526.6
5125,456.2
5126,441.2
5127,417.8
5128,455.1
5129,268.1
5130,552.7
5131,541.9
5132,552.9
5133,501.3
5134,424.1
5135,427.2
5136,406.9
5137,474.2
5138,413.7
5139,247.7
5140,622.6
5141,485.1
5142,456.8
5143,462.3
5144,462.2
5145,571.9
5146,553
5147,495.9
5148,334.8
5149,244.1
5150,645.7
5151,523.4
5152,458.7
5153,490.7
5154,584.3
5155,606.2
5156,491
5157,441.7
5158,350.1
5159,259.8
5160,631.6
5161,584.1
5162,606.2
5163,658.4
5164,652.5
5165,591.2
5166,488.9
5167,392.6
5168,438.3
5169,258
5170,672.8
5171,670.8
5172,662.2
5173,649.5
5174,603.8
5175,560.2
5176,548.2
5177,472
5178,454.2
5179,239.3
5180,635.3
5181,623.2
5182,611.9
5183,629.1
5184,624
5185,568.5
5186,556.9
5187,538.9
5188,480.6
5189,266.2
5190,583.3
5191,557.1
5192,571
5193,560.6
5194,516.2
5195,517.9
5196,589.9
5197,605.4
5198,478.3
5199,254.5
5200,311.6
5201,219.3
5202,255.5
5203,362.6
5204,496.9
5205,374.4
5206,253.1
5207,168
5208,147.6
5209,143.7
5210,209.3
5211,186.1
5212,221.9
5213,356
5214,455.8
5215,343
5216,216.8
5217,150.7
5218,141
5219,118
5220,199.7
5221,164.4
5222,194.8
5223,348.7
5224,391.7
5225,281.9
5226,190.8
5227,132.6
5228,121.9
5229,101
5230,199.4
5231,180.6
5232,174.4
5233,325.4
5234,291.1
5235,221.3
5236,157.4
5237,130.4
5238,96.3
5239,82.8
5240,168.8
5241,170.8
5242,166.3
5243,300
5244,224.3
5245,157.8
5246,115.8
5247,89.4
5248,77.2
5249,78
5250,167.9
5251,138.6
5252,194.7
5253,263.4
5254,212.9
5255,138.6
5256,82.9
5257,76.2
5258,80.7
5259,84.6
5260,167.3
5261,127.8
5262,151.2
5263,216.6
5264,163.7
5265,129.6
5266,75.4
5267,76.8
5268,83.4
5269,88.9
5270,159.2
5271,144.5
5272,159.2
5273,144
5274,143.2
5275,112.8
5276,72.7
5277,75.8
5278,83.1
5279,94.3
5280,166.1
5281,210.2
5282,242.2
5283,123.5
5284,98.6
5285,93.1
5286,71.2
5287,75.4
5288,86.5
5289,134.1
5290,252
5291,312.7
5292,237.2
5293,131.5
5294,113.8
5295,84.9
5296,71.3
5297,74.2
5298,94.5
5299,127.3
5300,125.2
5301,119.6
5302,102.3
5303,115.7
5304,122.7
5305,108
5306,104.4
5307,158.3
5308,288
5309,456
5310,113.8
5311,95.2
5312,86.8
5313,92.2
5314,96.4
5315,97.7
5316,143.2
5317,195.3
5318,302.6
5319,389.1
5320,87.2
5321,83.4
5322,83.4
5323,83.7
5324,88.4
5325,140.5
5326,199
5327,207.7
5328,326
5329,342.9
5330,83.5
5331,81.5
5332,81.8
5333,88.2
5334,130.7
5335,188.2
5336,243.9
5337,242.7
5338,259.8
5339,357.6
5340,79.3
5341,79.5
5342,81
5343,110.2
5344,184.4
5345,204
5346,247
5347,303.9
5348,384.2
5349,421.5
5350,91.4
5351,96.1
5352,99.2
5353,197.8
5354,239.7
5355,257.9
5356,264.8
5357,351.1
5358,387
5359,387.4
5360,93.3
5361,108.4
5362,164.3
5363,231.8
5364,252.7
5365,279.9
5366,311.4
5367,383.5
5368,328
5369,482.6
5370,102.6
5371,103.8
5372,157.3
5373,186.2
5374,153
5375,217.9
5376,308.1
5377,366
5378,306.7
5379,462.8
5380,173.5
5381,145.4
5382,126.4
5383,137
5384,177
5385,188.3
5386,205.9
5387,220.1
5388,306.8
5389,433.6
5390,161.6
5391,247.6
5392,201.8
5393,193.1
5394,199.8
5395,275.4
5396,301.9
5397,276.7
5398,279.1
5399,361.7
5400,570.7
5401,428
5402,422.4
5403,441.7
5404,551.2
5405,693.4
5406,746.5
5407,680.4
5408,608.2
5409,553.7
5410,379.2
5411,393.4
5412,393.5
5413,457.3
5414,533.2
5415,712.3
5416,855.4
5417,871
5418,722.2
5419,640
5420,523.9
5421,600.6
5422,499.2
5423,432.2
5424,523.7
5425,682.9
5426,895.2
5427,841
5428,806.5
5429,740.1
5430,568
5431,686.7
5432,583.4
5433,542.2
5434,529.9
5435,611.3
5436,779.3
5437,729.6
5438,644.1
5439,560
5440,428.2
5441,472
5442,447.1
5443,463.9
5444,521.6
5445,584.6
5446,672.4
5447,736.9
5448,603.5
5449,544.7
5450,465.1
5451,419.1
5452,466.9
5453,501.9
5454,561.6
5455,658.9
5456,691.4
5457,798.9
5458,725.8
5459,645.7
5460,607.8
5461,591.5
5462,648.5
5463,689.3
5464,723.1
5465,760.7
5466,794.7
5467,925.5
5468,884.8
5469,711.4
5470,572.4
5471,643.3
5472,684.6
5473,773.2
5474,852.8
5475,807.2
5476,855.8
5477,900
5478,797.3
5479,585.2
5480,473.5
5481,568.7
5482,633.8
5483,651
5484,756.8
5485,778.2
5486,779.8
5487,829.9
5488,822.5
5489,663.3
5490,477.7
5491,552.6
5492,581.9
5493,570.9
5494,688.1
5495,726.7
5496,687.6
5497,785.8
5498,794.2
5499,691.7
5500,571.4
5501,447.5
5502,397.8
5503,385.6
5504,311.3
5505,312.4
5506,293.2
5507,385.1
5508,456.6
5509,420
5510,594.4
5511,517.8
5512,521
5513,416.7
5514,302.6
5515,330.5
5516,415.1
5517,321.9
5518,358.7
5519,387.8
5520,644.8
5521,678
5522,617.8
5523,414.3
5524,302
5525,331.5
5526,467.7
5527,395.1
5528,333.7
5529,364.9
5530,560.7
5531,544.4
5532,596.7
5533,438.9
5534,335.1
5535,319.6
5536,468.6
5537,485.2
5538,379
5539,391.7
5540,478.2
5541,431.3
5542,450.5
5543,515.4
5544,429
5545,348.9
5546,459.8
5547,543.9
5548,430.1
5549,441.6
5550,616.4
5551,508.1
5552,463.9
5553,442.5
5554,454
5555,371.2
5556,493.5
5557,590.6
5558,523.2
5559,473.5
5560,565.8
5561,460.8
5562,417.4
5563,368.5
5564,463.8
5565,378.6
5566,403
5567,505
5568,435.6
5569,500.6
5570,463
5571,413.7
5572,471.3
5573,441.1
5574,335.3
5575,365.7
5576,375.9
5577,387.9
5578,365.4
5579,471.5
5580,565.1
5581,436.4
5582,444.1
5583,451
5584,362.1
5585,256
5586,294.4
5587,357.4
5588,322.1
5589,371.8
5590,561.9
5591,449
5592,419
5593,400.6
5594,371.5
5595,285.4
5596,230.8
5597,237.6
5598,264.9
5599,276.5
5600,526
5601,567.2
5602,581
5603,545.3
5604,562.3
5605,690.8
5606,679.4
5607,632.1
5608,703.3
5609,697.5
5610,484.5
5611,450.5
5612,444.8
5613,514.8
5614,592.4
5615,623.3
5616,658.3
5617,732.3
5618,822.3
5619,705.5
5620,380.8
5621,406.8
5622,463.4
5623,437.2
5624,481.8
5625,583.6
5626,714.8
5627,745.3
5628,796.4
5629,780.3
5630,403.6
5631,445.3
5632,525.7
5633,514.3
5634,556
5635,578.4
5636,691.5
5637,765.3
5638,642.8
5639,690.8
5640,493.1
5641,512.3
5642,576.3
5643,662.1
5644,746.7
5645,765.1
5646,738.1
5647,749.7
5648,617.5
5649,453.3
5650,566.7
5651,662.9
5652,646.8
5653,640.4
5654,714.5
5655,687.1
5656,829.4
5657,769.9
5658,670.2
5659,468.7
5660,580.6
5661,662.6
5662,578
5663,520
5664,501.4
5665,557.8
5666,741.1
5667,704.8
5668,657.1
5669,442.7
5670,475.1
5671,439.5
5672,430.4
5673,459.8
5674,571.9
5675,566.5
5676,572.2
5677,585
5678,561.6
5679,403.4
5680,345.3
5681,413.1
5682,508.3
5683,496.9
5684,511.6
5685,399.3
5686,389.5
5687,377.3
5688,401.4
5689,350
5690,375.7
5691,480.4
5692,525.8
5693,404.8
5694,318.7
5695,278.1
5696,262.6
5697,277.8
5698,286.5
5699,319.1
5700,553.8
5701,419.4
5702,315.3
5703,329.2
5704,362.3
5705,301.2
5706,203.9
5707,157
5708,124.8
5709,97.8
5710,574.5
5711,591.7
5712,401.4
5713,526.5
5714,522.9
5715,324.5
5716,229.4
5717,215.2
5718,194.4
5719,120.9
5720,619.4
5721,535.3
5722,454.5
5723,587.5
5724,522.5
5725,404.4
5726,397.4
5727,334.2
5728,228.6
5729,151.8
5730,522.9
5731,560.1
5732,476.1
5733,566.1
5734,656.5
5735,541.3
5736,530.2
5737,420.3
5738,282.3
5739,220.1
5740,407.7
5741,519.1
5742,525.2
5743,585.6
5744,585.6
5745,550.2
5746,456.8
5747,380.2
5748,313.2
5749,233.1
5750,347.4
5751,493
5752,559.8
5753,582.6
5754,564.2
5755,416.8
5756,359.6
5757,356.4
5758,312.2
5759,265.4
5760,300.6
5761,434.2
5762,494.9
5763,543.7
5764,486.1
5765,485.6
5766,326.8
5767,296.8
5768,306.6
5769,226.8
5770,274.2
5771,362.6
5772,373.2
5773,378.2
5774,418.2
5775,407.8
5776,312.8
5777,248.3
5778,315.4
5779,175.6
5780,238.6
5781,316.1
5782,344.5
5783,289.2
5784,369.2
5785,328.4
5786,348.6
5787,246.3
5788,192.1
5789,161.6
5790,214.7
5791,314.8
5792,336.5
5793,266.1
5794,278
5795,260.8
5796,240.6
5797,186.9
5798,161.6
5799,138.3
6000,319.6
6001,390.5
6002,392.3
6003,384.1
6004,403.2
6005,508.8
6006,477.1
6007,527.5
6008,681.4
6009,643.9
6010,302.7
6011,301.3
6012,356.2
6013,474.3
6014,491.2
6015,466
6016,407.7
6017,509.9
6018,635.4
6019,585.6
6020,377.3
6021,385.9
6022,395.6
6023,451.9
6024,456.8
6025,399.4
6026,369.1
6027,505.7
6028,603.6
6029,519.1
6030,271.9
6031,370.2
6032,433.5
6033,453.9
6034,356.2
6035,361.9
6036,369.2
6037,501.6
6038,493.4
6039,474.9
6040,261.6
6041,335.5
6042,397.8
6043,433.7
6044,343
6045,303
6046,401.2
6047,409.3
6048,378.6
6049,460.7
6050,296.8
6051,340.2
6052,357.3
6053,388.9
6054,363.3
6055,280.3
6056,365
6057,372.1
6058,313.9
6059,434.3
6060,272.2
6061,327.5
6062,322.3
6063,320
6064,366.7
6065,302
6066,282.7
6067,328.7
6068,266.5
6069,317
6070,208.4
6071,260.7
6072,279.5
6073,335.7
6074,306.8
6075,269.9
6076,280.4
6077,318.3
6078,257
6079,241
6080,241.6
6081,229.2
6082,271.4
6083,328.6
6084,329.9
6085,222.3
6086,296.5
6087,289.2
6088,273
6089,199.3
6090,280.2
6091,268
6092,301.9
6093,334.2
6094,248.7
6095,201.3
6096,276
6097,274.5
6098,239.5
6099,185.1
6100,540.4
6101,502.4
6102,492.6
6103,493.9
6104,465.7
6105,501.7
6106,549.9
6107,611
6108,430.3
6109,270.3
6110,483
6111,491.1
6112,403.2
6113,406.8
6114,423.9
6115,474.8
6116,530.2
6117,605.8
6118,438.5
6119,324.9
6120,449.6
6121,448.8
6122,382.8
6123,461.8
6124,499.3
6125,460.3
6126,531.4
6127,588
6128,446.7
6129,354.5
6130,435
6131,384.9
6132,371.4
6133,391.7
6134,444.3
6135,510
6136,591.8
6137,528
6138,365.9
6139,295.4
6140,363.4
6141,313.6
6142,336.1
6143,429.3
6144,475.6
6145,568.1
6146,591.4
6147,429.6
6148,310.7
6149,226.6
6150,312.8
6151,284.7
6152,355
6153,420.3
6154,514.9
6155,590.7
6156,558.4
6157,398.4
6158,298.7
6159,222.8
6160,266
6161,307.2
6162,396.2
6163,446.5
6164,528.3
6165,609.3
6166,590.7
6167,442.7
6168,355.9
6169,242.9
6170,227.1
6171,333.1
6172,388.2
6173,485.8
6174,565.3
6175,581.2
6176,606.9
6177,440.7
6178,317.2
6179,289
6180,254.6
6181,360.2
6182,417.5
6183,499.1
6184,588.8
6185,632.1
6186,455.9
6187,384.4
6188,390.3
6189,285.9
6190,219.9
6191,341.4
6192,456.7
6193,561.7
6194,605.3
6195,449.1
6196,345.5
6197,290.1
6198,362.7
6199,288.5
6200,310.6
6201,276.9
6202,167.8
6203,187.1
6204,166.9
6205,107.5
6206,71.8
6207,78.5
6208,90.3
6209,110.3
6210,222.4
6211,187.7
6212,191.2
6213,229.8
6214,125.4
6215,75.2
6216,75.4
6217,84.8
6218,99.2
6219,130.2
6220,202.1
6221,166.3
6222,237.4
6223,197
6224,105.6
6225,66.5
6226,72.7
6227,93.8
6228,104.7
6229,155.8
6230,187.2
6231,161.7
6232,279.3
6233,212.7
6234,111
6235,66.1
6236,63
6237,103.9
6238,111.4
6239,142.1
6240,180.2
6241,163.1
6242,245.3
6243,200.5
6244,136.8
6245,74.1
6246,63.6
6247,109.5
6248,132.2
6249,158.9
6250,166.3
6251,151.7
6252,149.8
6253,227.7
6254,145.1
6255,76
6256,61.8
6257,93.7
6258,198.6
6259,282
6260,227.8
6261,216.9
6262,118.8
6263,153.2
6264,143.6
6265,76.4
6266,66.2
6267,168.7
6268,308.1
6269,304.3
6270,258.1
6271,238.7
6272,177.9
6273,114.4
6274,125.7
6275,74
6276,77.8
6277,245
6278,390.5
6279,274.7
6280,182
6281,157.9
6282,137.9
6283,100.5
6284,82.1
6285,59.2
6286,99.7
6287,256
6288,379.7
6289,266.4
6290,239.2
6291,190.1
6292,164.3
6293,122.9
6294,70.7
6295,60.2
6296,149.5
6297,257.2
6298,370.5
6299,292.3
6300,155.8
6301,247.4
6302,209.2
6303,229.2
6304,292.6
6305,289.7
6306,346.7
6307,393.4
6308,304.5
6309,284.6
6310,137.4
6311,155.9
6312,211.7
6313,277.7
6314,328.4
6315,404.1
6316,348.5
6317,464.6
6318,429.8
6319,321.2
6320,160.1
6321,203.9
6322,299
6323,378.7
6324,387.1
6325,457.1
6326,424.6
6327,491.4
6328,510.1
6329,429.3
6330,207.2
6331,291.4
6332,342.8
6333,446.9
6334,537
6335,555
6336,461.8
6337,515
6338,596.8
6339,564.1
6340,265.5
6341,267.4
6342,332.3
6343,415.5
6344,537.5
6345,664.9
6346,594.6
6347,494.1
6348,682.9
6349,706.7
6350,187.7
6351,328.5
6352,332.3
6353,439.8
6354,551
6355,671.5
6356,695.5
6357,530.4
6358,749.9
6359,782.1
6360,242.8
6361,296
6362,368
6363,447.4
6364,540.4
6365,684.1
6366,744
6367,622.2
6368,782.2
6369,876.5
6370,256.5
6371,301.7
6372,391.3
6373,419.4
6374,487
6375,604.7
6376,608.6
6377,599.3
6378,756.7
6379,827.3
6380,296.4
6381,331.7
6382,381.5
6383,480
6384,503.7
6385,496.7
6386,518.7
6387,516.4
6388,616.1
6389,720
6390,333
6391,396.3
6392,370.8
6393,373.4
6394,467
6395,568.1
6396,643.7
6397,545.8
6398,590.6
6399,707.2
6400,395.1
6401,468.3
6402,471.8
6403,584.1
6404,613.6
6405,671.1
6406,587
6407,688.8
6408,647.4
6409,566
6410,287.2
6411,432.8
6412,558.5
6413,587.2
6414,562.4
6415,545.9
6416,558.9
6417,521.2
6418,497.2
6419,452.6
6420,317.8
6421,324.5
6422,501.5
6423,462.9
6424,410.2
6425,466.9
6426,530.5
6427,401.3
6428,391.6
6429,461.6
6430,491.2
6431,322.8
6432,310.1
6433,298.4
6434,306.1
6435,383.9
6436,388.2
6437,363.9
6438,379.2
6439,418.6
6440,538.8
6441,420.7
6442,506.5
6443,395.3
6444,289.7
6445,309.1
6446,326.2
6447,330.4
6448,357.1
6449,373.9
6450,637.1
6451,549
6452,486.3
6453,410.1
6454,345.9
6455,276.5
6456,294.1
6457,320.4
6458,384.7
6459,391.1
6460,713.8
6461,587.6
6462,539
6463,469.2
6464,408.7
6465,297.4
6466,296.4
6467,340.5
6468,423.3
6469,468.8
6470,708.7
6471,579.7
6472,508.9
6473,464.8
6474,415.9
6475,321.8
6476,306.9
6477,337
6478,434.8
6479,530.9
6480,632.3
6481,567.4
6482,501.7
6483,457
6484,373.6
6485,342.3
6486,315.4
6487,357
6488,473.1
6489,516.9
6490,631.2
6491,560.1
6492,522.4
6493,498.6
6494,383.1
6495,346.3
6496,330.2
6497,372.9
6498,501.6
6499,549.1
6500,509.6
6501,427.9
6502,414
6503,384.7
6504,385.2
6505,346
6506,254.2
6507,210.3
6508,223.6
6509,227.4
6510,437.9
6511,406.2
6512,385.7
6513,407.1
6514,356.6
6515,306.8
6516,295.1
6517,252
6518,186.2
6519,195
6520,481.6
6521,447.7
6522,401.3
6523,353.8
6524,335.4
6525,322.9
6526,257.2
6527,246.6
6528,206.6
6529,165.2
6530,421.8
6531,442.6
6532,375.8
6533,393.2
6534,337.6
6535,284.1
6536,223.3
6537,210.9
6538,192.2
6539,147.7
6540,432.7
6541,435.3
6542,435.7
6543,379.6
6544,386.5
6545,326
6546,249.2
6547,306.3
6548,257.9
6549,186.8
6550,447.5
6551,442.4
6552,571.1
6553,475.3
6554,441.8
6555,319.9
6556,289.4
6557,376.4
6558,313.4
6559,244.4
6560,456.2
6561,499.1
6562,559
6563,526.1
6564,418.4
6565,367.1
6566,350.1
6567,399.4
6568,317.3
6569,338.9
6570,497.4
6571,501.1
6572,527.9
6573,539.4
6574,440.3
6575,344.6
6576,397.2
6577,366.9
6578,343.2
6579,469.8
6580,634.8
6581,567.5
6582,561.3
6583,661.2
6584,498.6
6585,385.2
6586,490.8
6587,379.5
6588,365.7
6589,331
6590,590.6
6591,734.3
6592,604.8
6593,515.5
6594,448.8
6595,424.6
6596,484.3
6597,432.1
6598,364.2
6599,256.8
6600,272.1
6601,423.6
6602,428.3
6603,329
6604,248.8
6605,214.3
6606,221
6607,245.6
6608,224.5
6609,258.3
6610,214.4
6611,351.3
6612,395.1
6613,261.3
6614,228
6615,180.5
6616,178.2
6617,188.3
6618,219.6
6619,174.4
6620,191.8
6621,242.7
6622,356.8
6623,278.5
6624,191.7
6625,156.8
6626,141.6
6627,143.2
6628,128
6629,106.3
6630,181.2
6631,220.6
6632,278.4
6633,292.9
6634,263.1
6635,203.9
6636,150.2
6637,131.5
6638,120.9
6639,130.4
6640,139.6
6641,188.9
6642,234.7
6643,278.3
6644,283.1
6645,277
6646,235.8
6647,200.3
6648,194.9
6649,152.4
6650,156.2
6651,141.2
6652,211.9
6653,247.6
6654,266.9
6655,223.2
6656,290.1
6657,237.4
6658,222.3
6659,201.8
6660,233.7
6661,126.3
6662,215.3
6663,263.9
6664,220.7
6665,184.7
6666,239.2
6667,299.9
6668,248.1
6669,161.7
6670,293
6671,136.9
6672,243.7
6673,324.4
6674,283.1
6675,203.6
6676,160.9
6677,183.3
6678,169
6679,128.5
6680,209.4
6681,158.4
6682,260.2
6683,385.2
6684,346.1
6685,240.1
6686,167
6687,111.1
6688,151.7
6689,126.9
6690,198
6691,129.8
6692,261
6693,287.7
6694,377.4
6695,270.4
6696,183.2
6697,134.9
6698,94.6
6699,108.7
6700,213.3
6701,257.8
6702,270.8
6703,241.2
6704,214
6705,191.7
6706,208.7
6707,173.4
6708,122.3
6709,109
6710,165
6711,192.7
6712,222.8
6713,208.2
6714,169.3
6715,141.4
6716,143.1
6717,136.3
6718,124.3
6719,85.6
6720,129.3
6721,154.9
6722,168.3
6723,186.1
6724,148.4
6725,111.9
6726,85.9
6727,81.5
6728,91.1
6729,79.5
6730,82.9
6731,127
6732,175.8
6733,134
6734,102.6
6735,92.1
6736,95.5
6737,66.7
6738,52.7
6739,59.2
6740,88.9
6741,96
6742,147.1
6743,115.1
6744,93
6745,51.6
6746,73
6747,57.5
6748,39
6749,48
6750,126.9
6751,65.4
6752,59.3
6753,72.9
6754,48.3
6755,43
6756,32.8
6757,39.6
6758,26.2
6759,29
6760,137.1
6761,95.6
6762,93.9
6763,62.3
6764,33.5
6765,27.7
6766,17.5
6767,6.5
6768,5.3
6769,9.9
6770,132.9
6771,130
6772,115.6
6773,92.6
6774,69.8
6775,53.5
6776,37.1
6777,20.6
6778,7.3
6779,2.9
6780,108.8
6781,115
6782,100
6783,83.7
6784,60.4
6785,43.3
6786,42
6787,20.7
6788,10
6790,99.8
6791,97.6
6792,78.6
6793,72.8
6794,56
6795,42.3
6796,26.3
6797,11.3
7000,287.2
7001,325
7002,345.9
7003,338.2
7004,201
7005,229.2
7006,238.5
7007,248.1
7008,203.8
7009,168.9
7010,262.6
7011,307.2
7012,293.5
7013,243
7014,180.7
7015,250.6
7016,250
7017,210.6
7018,171.7
7019,138.1
7020,315.6
7021,250.4
7022,263.6
7023,176.4
7024,232
7025,254.5
7026,353.5
7027,256.7
7028,176
7029,144.9
7030,300.2
7031,275.6
7032,186.2
7033,149
7034,248.3
7035,203.2
7036,272.6
7037,220
7038,133
7039,149.8
7040,309
7041,287.4
7042,201.2
7043,169.8
7044,258.7
7045,196.9
7046,159.2
7047,122.6
7048,146.3
7049,208.2
7050,282.4
7051,198.1
7052,193.3
7053,189.9
7054,188.4
7055,240.3
7056,117.2
7057,155.6
7058,196.9
7059,229.1
7060,306.1
7061,235
7062,153.5
7063,128.5
7064,147.9
7065,109.8
7066,124.5
7067,212.1
7068,254.4
7069,311.7
7070,269.1
7071,212.7
7072,215.9
7073,126.4
7074,78.8
7075,138.4
7076,173.8
7077,181.8
7078,248.3
7079,335.9
7080,279.9
7081,195.4
7082,129.3
7083,130
7084,75.8
7085,144.3
7086,134.6
7087,162.3
7088,193
7089,227.8
7090,234.7
7091,194.9
7092,75.2
7093,71.2
7094,79.4
7095,128.6
7096,134.7
7097,173.2
7098,254
7099,267.7
7100,243.1
7101,326.9
7102,489.4
7103,541.4
7104,469.9
7105,347.3
7106,282.6
7107,237.1
7108,251.4
7109,223.9
7110,220.1
7111,265.8
7112,351.1
7113,389.6
7114,412.6
7115,435.3
7116,275.6
7117,213
7118,198
7119,170.7
7120,205.6
7121,230.5
7122,306.6
7123,325.4
7124,470.7
7125,489.9
7126,402.5
7127,304.1
7128,192.2
7129,205.5
7130,173
7131,198.5
7132,276.9
7133,313.1
7134,449.9
7135,445.4
7136,348.9
7137,293.8
7138,181.8
7139,152.8
7140,200.3
7141,210.4
7142,231.5
7143,295.3
7144,400.3
7145,406.3
7146,305.6
7147,343
7148,265.7
7149,251.3
7150,244.9
7151,220.1
7152,307.2
7153,391.7
7154,385.3
7155,323.6
7156,248.4
7157,372.3
7158,353.9
7159,373.9
7160,297.4
7161,270.1
7162,288.9
7163,373.3
7164,291.3
7165,240.5
7166,256.3
7167,369.3
7168,283.1
7169,271.4
7170,344.6
7171,435.4
7172,327.8
7173,357.1
7174,282.2
7175,250.6
7176,223.9
7177,370.9
7178,348.5
7179,185.1
7180,259.3
7181,415.1
7182,393.1
7183,332
7184,293.2
7185,238.6
7186,189.4
7187,380
7188,374.6
7189,213
7190,304.2
7191,342.3
7192,337.6
7193,267.5
7194,347.7
7195,220.9
7196,166
7197,328.3
7198,405.1
7199,247.5
7200,241.7
7201,209.5
7202,156.1
7203,89.9
7204,60.8
7205,81.2
7206,181.5
7207,246.8
7208,313.3
7209,291.7
7210,182.3
7211,150.4
7212,132.2
7213,61.7
7214,61.5
7215,118.7
7216,170.5
7217,217.1
7218,317.5
7219,337
7220,137.7
7221,123.5
7222,95.8
7223,60.4
7224,60.4
7225,125.7
7226,162
7227,245.4
7228,358.6
7229,403.4
7230,154.5
7231,130.5
7232,126.7
7233,62.5
7234,60.2
7235,152.6
7236,154.4
7237,257.3
7238,410.6
7239,444.3
7240,205.1
7241,130.7
7242,79.7
7243,55.6
7244,91.3
7245,176.8
7246,197.5
7247,310.3
7248,452.5
7249,480.3
7250,247.9
7251,104.8
7252,64.9
7253,96.7
7254,136.2
7255,234.4
7256,316.6
7257,336
7258,398.8
7259,475.7
7260,132.7
7261,68
7262,115
7263,152.6
7264,165
7265,243.7
7266,378.9
7267,335.4
7268,494.9
7269,463.2
7270,58.4
7271,81.5
7272,127.5
7273,139.8
7274,164.5
7275,201.6
7276,254.8
7277,348.1
7278,494.8
7279,584
7280,61.2
7281,91.1
7282,106.4
7283,123.8
7284,152.8
7285,185.6
7286,300.9
7287,419.8
7288,507.8
7289,732.7
7290,53.9
7291,87.7
7292,116.9
7293,149.5
7294,172.5
7295,196.4
7296,266.8
7297,333.6
7298,503.6
7299,724
7300,345.4
7301,425.7
7302,488.3
7303,489.6
7304,421.8
7305,478.5
7306,525.1
7307,604.7
7308,671.4
7309,682
7310,425.5
7311,520.1
7312,601.5
7313,608.8
7314,466.6
7315,509.7
7316,589.5
7317,617
7318,725.5
7319,642.2
7320,512.2
7321,618.2
7322,764.7
7323,644
7324,487.3
7325,569.4
7326,640.3
7327,756.3
7328,751.9
7329,694.8
7330,567.9
7331,694.1
7332,848.5
7333,676.5
7334,553.7
7335,622.5
7336,732.7
7337,828.1
7338,779
7339,724.3
7340,613.9
7341,728.2
7342,833.9
7343,739.1
7344,705.7
7345,723.3
7346,767.5
7347,812.2
7348,709.8
7349,600.9
7350,615.7
7351,654.1
7352,728.1
7353,847.6
7354,832.5
7355,727.8
7356,683.3
7357,713.6
7358,581.6
7359,582.6
7360,582.9
7361,670
7362,781.7
7363,853.1
7364,805.4
7365,767.8
7366,568.5
7367,539.5
7368,527.8
7369,487.1
7370,619
7371,792
7372,870.4
7373,793.4
7374,674.6
7375,654.7
7376,622.2
7377,505.1
7378,406.6
7379,362.2
7380,787.3
7381,771.8
7382,920.1
7383,820.2
7384,734
7385,836.9
7386,813.7
7387,615.1
7388,496.6
7389,462.6
7390,857.9
7391,975.3
7392,1061
7393,953.8
7394,812
7395,798.4
7396,798.8
7397,687.4
7398,646.3
7399,612.4
7400,623
7401,597.5
7402,535.1
7403,463.2
7404,470.7
7405,409.7
7406,354.5
7407,382
7408,506.5
7409,601.9
7410,586.1
7411,601.2
7412,588.5
7413,496
7414,573.6
7415,511.6
7416,383.6
7417,397.4
7418,487.8
7419,573.4
7420,620.2
7421,580.8
7422,601.2
7423,587.8
7424,638
7425,533.7
7426,394.8
7427,375.5
7428,430.6
7429,486.2
7430,643.9
7431,557
7432,699.3
7433,678
7434,730.4
7435,601.8
7436,428.4
7437,374.8
7438,406.8
7439,446.8
7440,549
7441,503.4
7442,707.3
7443,639.7
7444,655.4
7445,629.3
7446,548.2
7447,404.9
7448,355.8
7449,398
7450,458.7
7451,456.7
7452,668.6
7453,621.8
7454,480.7
7455,431.9
7456,459.6
7457,434
7458,340.4
7459,391.7
7460,483.6
7461,477.9
7462,630.4
7463,528.9
7464,542.1
7465,448.6
7466,371.1
7467,402.5
7468,318.1
7469,345.7
7470,365.4
7471,418.4
7472,503.1
7473,413.1
7474,496
7475,453.5
7476,391.8
7477,355.3
7478,336.5
7479,307.4
7480,387.8
7481,326.6
7482,403.2
7483,338.8
7484,410.4
7485,342.5
7486,326.3
7487,355.1
7488,348.2
7489,265.8
7490,399.2
7491,307.8
7492,297.9
7493,324.9
7494,284
7495,268.6
7496,285.4
7497,339.8
7498,335.9
7499,240.6
7500,610.4
7501,776.7
7502,596.3
7503,466.8
7504,432.7
7505,499.8
7506,488.4
7507,478.1
7508,406
7509,309.9
7510,643.2
7511,719.6
7512,570.6
7513,515.3
7514,520.5
7515,493
7516,511.8
7517,482.2
7518,370.9
7519,361.5
7520,529.7
7521,619.2
7522,452.4
7523,427.5
7524,462.3
7525,553.1
7526,507.7
7527,433.8
7528,366.6
7529,278.2
7530,469.2
7531,542.9
7532,436.5
7533,338.6
7534,473.6
7535,545.4
7536,461.8
7537,422.3
7538,416
7539,264.2
7540,400.7
7541,398.3
7542,384.4
7543,321.1
7544,431.7
7545,494.5
7546,337.4
7547,363.6
7548,379
7549,323
7550,375.3
7551,306.7
7552,308.6
7553,298.9
7554,322.1
7555,445.2
7556,411.3
7557,263
7558,221.5
7559,192
7560,355.1
7561,280
7562,275.4
7563,228.1
7564,336.8
7565,370.3
7566,486.4
7567,336.9
7568,335.4
7569,358.6
7570,341.7
7571,317.6
7572,238.5
7573,212.7
7574,398.3
7575,312.3
7576,443.8
7577,318.8
7578,274
7579,358
7580,317.4
7581,299.6
7582,233.1
7583,193.8
7584,299.1
7585,270.9
7586,367.3
7587,249.2
7588,235.9
7589,338.4
7590,279.2
7591,286.8
7592,232.1
7593,171
7594,215.6
7595,252
7596,213.1
7597,191.8
7598,216.2
7599,257.6
7600,289
7601,122.5
7602,202.5
7603,222.4
7604,363.9
7605,275
7606,168.1
7607,136.7
7608,123.8
7609,78.1
7610,240.7
7611,108.6
7612,171.1
7613,211.1
7614,318.9
7615,238.1
7616,149.2
7617,133.5
7618,106.6
7619,91.6
7620,174.9
7621,144.7
7622,127.5
7623,188.9
7624,313.7
7625,243.3
7626,163.1
7627,143.1
7628,114.3
7629,77.4
7630,223.8
7631,119.1
7632,62
7633,146.1
7634,266.8
7635,236.3
7636,151.1
7637,118.9
7638,94
7639,76
7640,203
7641,157
7642,99.6
7643,147.7
7644,281
7645,244.2
7646,147.8
7647,114.9
7648,83.5
7649,51.7
7650,174.3
7651,270.2
7652,165.8
7653,94.9
7654,141.5
7655,145.1
7656,136
7657,98.4
7658,71.4
7659,55.1
7660,302.1
7661,233.9
7662,170.2
7663,143.1
7664,61.5
7665,45.8
7666,57.4
7667,63.6
7668,51.4
7669,42.9
7670,272.3
7671,199.3
7672,164.7
7673,146.5
7674,108.2
7675,101.4
7676,73.4
7677,53
7678,22.8
7679,24.2
7680,217.2
7681,177.8
7682,141.7
7683,116.4
7684,123
7685,91.4
7686,56.7
7687,45.8
7688,21.5
7689,12.2
7690,185
7691,150.3
7692,146.3
7693,91.5
7694,77.5
7695,56.7
7696,46.8
7697,38
7698,24.3
7699,9.1
7700,81.4
7701,73.4
7702,60.5
7703,53.5
7704,47.7
7705,38
7706,19
7707,1.8
7710,55.8
7711,56.4
7712,56.8
7713,43.9
7714,30.8
7715,15.2
7716,8.7
7720,67.4
7721,40.2
7722,44.4
7723,44
7724,23.7
7725,5.2
7726,0.7
7730,53.3
7731,46.3
7732,19.7
7733,28.4
7734,12.9
7735,2.9
7740,47.1
7741,33.7
7742,18
7743,12.9
7744,11.9
7750,41.1
7751,31.7
7752,16.2
7753,4.6
7754,5.3
7760,33.8
7761,18.5
7762,10.6
7763,0.1
7770,28.8
7771,13.9
7772,2.4
7780,16.9
7781,10.1
7790,5.2
